,,Enero,,,,Febrero,,,,Marzo,,,,Abril,,,Mayo,,,,,Junio,,,,Julio,,,,Agosto,,,,,Septiembre,,,,Octubre,,,,,Noviembre,,,,Diciembre,,,
COD PROD,PRODUCTO,10,17.0,24.0,31.0,7,14.0,21.0,28.0,7,14.0,21.0,28.0,4,11.0,25.0,2,9.0,16.0,23.0,30.0,6,13.0,20.0,27.0,4,11.0,18.0,25.0,1,8.0,15.0,22.0,29.0,5,12.0,19.0,26.0,3,10.0,17.0,24.0,31.0,7,14.0,21.0,28.0,5,12.0,19.0,26.0
131012,ACETATOS CARTA PAQ X 50,0,290.0,90.0,84.0,44,4.0,4.0,4.0,4,0.0,0.0,0.0,0,0.0,0.0,0,0.0,0.0,0.0,0.0,0,0.0,0.0,0.0,0,0.0,0.0,0.0,0,0.0,0.0,0.0,0.0,0,0.0,0.0,0.0,0,3000.0,2154.0,2154.0,2154.0,2154,2144.0,2144.0,2144.0,1140,1133.0,1133.0,1133.0
113001,BOLSILLO CARNET 60 X 90 MM 175 MIC CAJA X 100,0,3000.0,2998.0,2923.0,2897,2897.0,2894.0,2894.0,2894,2894.0,2894.0,2894.0,2894,2844.0,2844.0,2844,2841.0,2841.0,2841.0,2841.0,2841,2841.0,2839.0,2837.0,2837,2825.0,2825.0,2825.0,2825,2823.0,2792.0,2792.0,2792.0,2789,2789.0,2787.0,2587.0,2587,2287.0,2287.0,1782.0,1532.0,1532,1531.0,1531.0,1531.0,1531,1531.0,1527.0,1527.0
113005,BOLSILLO CARTA 225MM X 288MM 125 MIC CAJA X 100,7745,9215.0,8984.0,8909.0,8777,8532.0,8414.0,8163.0,8014,7874.0,7811.0,7726.0,7635,7520.0,7319.0,6742,6548.0,6381.0,6081.0,5981.0,5837,7725.0,6610.0,6503.0,6278,6118.0,4931.0,4931.0,4773,4677.0,4247.0,4132.0,4042.0,3883,3733.0,3663.0,3550.0,3474,8355.0,8304.0,8150.0,8114.0,8043,7903.0,7774.0,6711.0,6420,6238.0,6078.0,6078.0
113006,BOLSILLO CARTA 225MM X 288MM 175 MIC CAJA X 100,1209,1199.0,1197.0,1187.0,1175,1103.0,1093.0,1035.0,1007,1006.0,986.0,983.0,982,971.0,808.0,579,568.0,517.0,517.0,471.0,463,1398.0,1198.0,1196.0,1187,1180.0,1171.0,1171.0,1134,1118.0,1083.0,1048.0,845.0,845,835.0,805.0,768.0,761,2235.0,2234.0,2203.0,2003.0,1991,1978.0,1968.0,1956.0,1948,1946.0,1789.0,1789.0
113007,BOLSILLO CARTA 225MM X 288MM 250 MIC CAJA X 50,1717,3197.0,3197.0,3177.0,3007,2935.0,2843.0,2831.0,2787,2746.0,2726.0,2726.0,2703,2579.0,2545.0,2475,2315.0,2310.0,2280.0,2235.0,2212,2186.0,2181.0,2180.0,2140,2130.0,2095.0,2095.0,2013,1973.0,1938.0,1925.0,1915.0,1900,1900.0,1863.0,1803.0,1715,2183.0,2179.0,2176.0,2162.0,2152,2134.0,2076.0,2048.0,2042,2032.0,1968.0,1968.0
113002,BOLSILLO CEDULA 70 X 100 MM 175 MIC CAJA X 100,7420,7366.0,7321.0,7226.0,7170,6969.0,6834.0,6683.0,6468,6408.0,6238.0,6188.0,6166,6096.0,6070.0,6026,5966.0,5966.0,5881.0,5841.0,5841,8841.0,8840.0,8840.0,8710,8643.0,8612.0,8612.0,8492,8460.0,8369.0,7867.0,7867.0,7765,7712.0,7508.0,7308.0,7282,10202.0,10202.0,10171.0,9971.0,9971,9930.0,9930.0,9930.0,9927,9812.0,9809.0,9809.0
113008,BOLSILLO OFICIO 225MM X 337MM 125 MIC CAJA X 100,2465,3445.0,3359.0,3189.0,3107,3099.0,3032.0,2875.0,2864,2842.0,2818.0,2797.0,2767,2716.0,2506.0,2269,2178.0,2156.0,2081.0,1985.0,1955,2860.0,2289.0,2248.0,2193,2165.0,1991.0,1991.0,1948,1900.0,1859.0,1848.0,1825.0,1781,1741.0,1704.0,1661.0,1661,3104.0,3038.0,2990.0,2889.0,2855,2789.0,2749.0,2728.0,2676,2556.0,2526.0,2526.0
113011,BOLSILLO OFICIO 225MM X 337MM 175 MIC CAJA X 100,0,0.0,0.0,0.0,0,0.0,0.0,0.0,0,0.0,0.0,0.0,0,0.0,0.0,0,0.0,0.0,0.0,0.0,0,0.0,0.0,0.0,0,0.0,0.0,0.0,0,0.0,0.0,0.0,0.0,0,0.0,0.0,0.0,0,1000.0,1000.0,999.0,799.0,798,786.0,786.0,784.0,783,780.0,777.0,777.0
113003,BOLSILLO TARJETA PROPIEDAD 80 X 110 MM 175 MIC CAJA X 100,4725,4725.0,4646.0,4475.0,4459,4374.0,4299.0,4158.0,4058,4048.0,3948.0,3933.0,3923,3783.0,3756.0,3621,3616.0,3616.0,3506.0,3481.0,3481,5465.0,5455.0,5455.0,5425,5314.0,5283.0,5283.0,5192,5192.0,5031.0,5018.0,5018.0,4818,4765.0,4764.0,4664.0,4663,4633.0,4573.0,4563.0,4312.0,4312,4312.0,4312.0,4312.0,4273,4103.0,4103.0,4103.0
121009,CARATULA CARTA GRAIN PAQ X 50 AZUL,3043,3043.0,3042.0,3012.0,3012,3012.0,3012.0,3012.0,3010,3010.0,2999.0,2999.0,2999,2979.0,2956.0,2950,2943.0,2941.0,2941.0,2940.0,2910,2910.0,2910.0,2890.0,2870,2869.0,2749.0,2749.0,2737,2737.0,2737.0,2737.0,2737.0,2737,2737.0,2737.0,2717.0,2717,2677.0,2677.0,2536.0,2526.0,2525,2480.0,2480.0,2480.0,2480,2480.0,2479.0,2479.0
121034,CARATULA CARTA STRIPE PAQ X 50 AMARILLO,1392,1391.0,1369.0,1251.0,1247,1234.0,1201.0,1181.0,1178,1178.0,1137.0,1137.0,1137,1137.0,1125.0,1104,1099.0,1099.0,1096.0,1075.0,1055,1055.0,1054.0,1053.0,1013,2008.0,1994.0,1994.0,1943,1943.0,1941.0,1941.0,1940.0,1939,1939.0,1878.0,1838.0,1838,1827.0,1826.0,1826.0,1826.0,1826,1741.0,1740.0,1740.0,1740,1740.0,1740.0,1740.0
121017,CARATULA CARTA STRIPE PAQ X 50 AZUL T-1,1752,1741.0,1660.0,1442.0,1122,1108.0,1021.0,869.0,855,835.0,775.0,775.0,752,749.0,716.0,696,612.0,612.0,379.0,359.0,359,359.0,339.0,339.0,309,1783.0,1763.0,1763.0,1742,1741.0,1741.0,1721.0,1720.0,1719,1719.0,1719.0,1659.0,1658,1657.0,1656.0,1656.0,1655.0,1655,1614.0,1614.0,1614.0,1593,1593.0,1593.0,1593.0
121018,CARATULA CARTA STRIPE PAQ X 50 AZUL T-2,0,0.0,0.0,0.0,0,0.0,0.0,0.0,0,0.0,0.0,0.0,0,0.0,0.0,0,0.0,0.0,2572.0,2471.0,2388,2387.0,2350.0,2349.0,2317,4310.0,4295.0,4295.0,4173,4113.0,4090.0,3750.0,3738.0,3696,3695.0,3634.0,3604.0,3603,3568.0,3567.0,3567.0,3566.0,3556,3489.0,3488.0,3488.0,3449,3429.0,3429.0,3429.0
121019,CARATULA CARTA STRIPE PAQ X 50 HUMO,1746,1176.0,1126.0,996.0,995,962.0,829.0,599.0,536,533.0,482.0,482.0,479,479.0,441.0,240,178.0,178.0,1610.0,1577.0,1453,1433.0,1391.0,1391.0,1361,3334.0,3278.0,3278.0,3167,3146.0,3126.0,3046.0,3043.0,3043,3043.0,3022.0,2962.0,2951,2951.0,2931.0,2924.0,2924.0,2904,2854.0,2854.0,2852.0,2835,2815.0,2813.0,2813.0
121020,CARATULA CARTA STRIPE PAQ X 50 LILA,1272,1271.0,1249.0,1121.0,1121,1105.0,1021.0,820.0,816,808.0,757.0,757.0,756,756.0,745.0,634,593.0,592.0,585.0,584.0,542,541.0,541.0,540.0,500,1980.0,1978.0,1978.0,1937,1897.0,1888.0,1683.0,1681.0,1679,1679.0,1678.0,1658.0,1657,1647.0,1637.0,1637.0,1636.0,1636,1611.0,1610.0,1605.0,1585,1585.0,1585.0,1585.0
121021,CARATULA CARTA STRIPE PAQ X 50 NARANJA,2221,2220.0,2199.0,2062.0,2060,2045.0,1962.0,1738.0,1734,1722.0,1681.0,1681.0,1681,1681.0,1670.0,1660,1657.0,1657.0,1457.0,1456.0,1455,1454.0,1454.0,1454.0,1414,1391.0,1391.0,1391.0,1370,1370.0,1368.0,1368.0,1366.0,1365,1365.0,1364.0,1324.0,1322,1302.0,1302.0,1296.0,1294.0,1294,1254.0,1254.0,1254.0,1254,1254.0,1254.0,1254.0
121022,CARATULA CARTA STRIPE PAQ X 50 ROJO,1993,1962.0,1920.0,1782.0,1758,1742.0,1678.0,1676.0,1661,1643.0,1600.0,1560.0,1558,1558.0,1551.0,1530,1465.0,1465.0,1455.0,1443.0,1422,1411.0,1411.0,1410.0,1370,2363.0,2348.0,2348.0,2338,2318.0,2297.0,2292.0,2292.0,2291,2290.0,2289.0,2289.0,2287,2264.0,2253.0,2253.0,2251.0,2251,2206.0,2205.0,2205.0,2206,2206.0,2206.0,2206.0
121023,CARATULA CARTA STRIPE PAQ X 50 TRANSPARENTE,4993,3793.0,3517.0,997.0,735,593.0,136.0,0.0,0,0.0,0.0,0.0,0,0.0,0.0,0,0.0,0.0,11413.0,11302.0,10934,10851.0,10508.0,10454.0,10312,16211.0,16022.0,16022.0,15570,15408.0,15213.0,15213.0,15137.0,15067,15047.0,15003.0,14695.0,14644,14517.0,14516.0,14372.0,14333.0,14268,13946.0,13926.0,13900.0,13826,13766.0,13716.0,13716.0
121024,CARATULA CARTA STRIPE PAQ X 50 VERDE T-1,757,757.0,737.0,619.0,617,595.0,549.0,249.0,247,241.0,231.0,231.0,231,231.0,219.0,199,198.0,198.0,98.0,78.0,77,77.0,77.0,77.0,37,2034.0,2008.0,2008.0,1998,1998.0,1998.0,1996.0,1996.0,1996,1996.0,1996.0,1996.0,1995,1994.0,1994.0,1994.0,1994.0,1994,1974.0,1974.0,1974.0,1974,1974.0,1974.0,1974.0
121025,CARATULA CARTA STRIPE PAQ X 50 VERDE T-2,3785,3774.0,3762.0,3645.0,3625,3600.0,3575.0,3575.0,3561,3548.0,3460.0,3460.0,3459,3459.0,3448.0,3238,3207.0,3207.0,2905.0,2893.0,2869,2868.0,2868.0,2867.0,2827,2820.0,2805.0,2805.0,2782,2742.0,2716.0,2704.0,2703.0,2680,2679.0,2658.0,2648.0,2648,2616.0,2615.0,2608.0,2607.0,2607,2540.0,2539.0,2537.0,2536,2536.0,2536.0,2536.0
121032,CARATULA LEGAL STRIPE PAQ X 50 TRANSPARENTE,810,800.0,789.0,789.0,789,789.0,789.0,781.0,779,779.0,776.0,776.0,772,772.0,768.0,768,764.0,764.0,762.0,762.0,759,754.0,752.0,752.0,752,752.0,751.0,751.0,751,751.0,749.0,749.0,749.0,747,747.0,743.0,743.0,740,740.0,740.0,740.0,740.0,740,740.0,740.0,740.0,737,737.0,737.0,737.0
121029,CARATULA OFICIO STRIPE PAQ X 50 HUMO,0,0.0,0.0,0.0,0,0.0,0.0,0.0,0,0.0,0.0,0.0,0,0.0,0.0,0,0.0,0.0,0.0,0.0,0,0.0,0.0,0.0,0,1460.0,1460.0,1460.0,1420,1420.0,1420.0,1420.0,1420.0,1420,1420.0,1420.0,1400.0,1400,1380.0,1380.0,1380.0,1380.0,1380,1374.0,1374.0,1374.0,1374,1374.0,1374.0,1374.0
121030,CARATULA OFICIO STRIPE PAQ X 50 TRANSPARENTE,11,11.0,0.0,0.0,0,0.0,0.0,0.0,0,0.0,0.0,0.0,0,0.0,0.0,0,0.0,0.0,2212.0,2172.0,2100,2093.0,2052.0,2050.0,1970,4953.0,4863.0,4863.0,4821,4801.0,4790.0,4790.0,4790.0,4763,4763.0,4743.0,4703.0,4679,4639.0,4639.0,4639.0,4639.0,4634,4614.0,4614.0,4614.0,4602,4602.0,4602.0,4602.0
121031,CARATULA OFICIO STRIPE PAQ X 50 VERDE T-2,0,0.0,0.0,0.0,0,0.0,0.0,0.0,0,0.0,0.0,0.0,0,0.0,0.0,0,0.0,0.0,0.0,0.0,0,0.0,0.0,0.0,0,1540.0,1540.0,1540.0,1540,1540.0,1540.0,1540.0,1540.0,1540,1540.0,1539.0,1519.0,1519,1499.0,1499.0,1499.0,1499.0,1499,1499.0,1499.0,1499.0,1499,1499.0,1499.0,1499.0
122002,CARRETE  2.1    8 MM X 38000 LOOPS NEGRO,13,13.0,13.0,13.0,13,13.0,13.0,13.0,13,13.0,13.0,13.0,13,13.0,13.0,13,13.0,13.0,13.0,13.0,12,12.0,12.0,12.0,12,12.0,12.0,12.0,12,12.0,12.0,12.0,12.0,12,12.0,12.0,12.0,12,12.0,12.0,12.0,12.0,12,12.0,12.0,12.0,12,10.0,10.0,10.0
122009,CARRETE  2.1   16 MM X 10500 LOOPS BLANCO,3,3.0,3.0,3.0,3,3.0,3.0,3.0,3,3.0,3.0,2.0,2,2.0,2.0,2,2.0,2.0,2.0,2.0,2,32.0,32.0,32.0,32,32.0,32.0,32.0,26,65.0,64.0,64.0,63.0,63,61.0,61.0,61.0,53,50.0,50.0,50.0,49.0,48,48.0,48.0,47.0,45,32.0,17.0,17.0
122012,CARRETE  2.1   16 MM X 10500 LOOPS BRONCE,18,18.0,18.0,18.0,18,18.0,18.0,18.0,18,18.0,18.0,18.0,18,18.0,18.0,18,18.0,18.0,18.0,18.0,18,18.0,18.0,18.0,18,18.0,18.0,18.0,18,18.0,18.0,18.0,18.0,18,18.0,18.0,18.0,18,18.0,18.0,18.0,18.0,18,18.0,18.0,18.0,18,18.0,18.0,18.0
122010,CARRETE  2.1   16 MM X 10500 LOOPS NEGRO,15,15.0,15.0,15.0,15,15.0,14.0,14.0,14,13.0,13.0,12.0,12,12.0,12.0,12,12.0,12.0,12.0,11.0,11,21.0,20.0,20.0,20,20.0,20.0,20.0,19,39.0,39.0,39.0,37.0,35,32.0,32.0,31.0,31,31.0,31.0,31.0,30.0,29,26.0,23.0,22.0,22,16.0,12.0,10.0
122011,CARRETE  2.1   16 MM X 10500 LOOPS PLATA,21,21.0,21.0,21.0,20,20.0,20.0,20.0,20,20.0,19.0,19.0,19,19.0,19.0,19,19.0,19.0,19.0,19.0,19,19.0,19.0,19.0,19,19.0,19.0,19.0,19,19.0,19.0,19.0,19.0,19,19.0,18.0,18.0,18,18.0,18.0,18.0,18.0,18,18.0,18.0,18.0,12,12.0,11.0,11.0
122013,CARRETE  2.1   19 MM X 7000 LOOPS BLANCO,0,0.0,0.0,0.0,0,0.0,0.0,0.0,0,0.0,0.0,0.0,0,0.0,0.0,0,0.0,0.0,0.0,0.0,0,30.0,30.0,30.0,29,29.0,29.0,29.0,28,61.0,59.0,58.0,58.0,56,52.0,49.0,49.0,49,46.0,42.0,30.0,16.0,10,7.0,1.0,1.0,1,0.0,0.0,0.0
122016,CARRETE  2.1   19 MM X 7000 LOOPS BRONCE,15,15.0,12.0,12.0,12,12.0,12.0,11.0,11,10.0,10.0,10.0,10,10.0,10.0,10,10.0,10.0,10.0,10.0,10,10.0,10.0,10.0,10,10.0,10.0,10.0,2,2.0,2.0,2.0,2.0,2,2.0,2.0,2.0,2,2.0,2.0,2.0,2.0,2,2.0,2.0,2.0,2,2.0,2.0,2.0
122014,CARRETE  2.1   19 MM X 7000 LOOPS NEGRO,0,0.0,0.0,0.0,0,0.0,0.0,0.0,0,0.0,0.0,0.0,0,0.0,0.0,0,0.0,0.0,0.0,0.0,0,20.0,20.0,20.0,20,18.0,18.0,18.0,17,37.0,37.0,37.0,37.0,37,37.0,37.0,37.0,37,25.0,22.0,22.0,21.0,19,19.0,17.0,13.0,12,10.0,10.0,8.0
122015,CARRETE  2.1   19 MM X 7000 LOOPS PLATA,0,0.0,0.0,0.0,0,0.0,0.0,0.0,0,0.0,0.0,0.0,0,0.0,0.0,0,0.0,0.0,0.0,0.0,0,20.0,20.0,20.0,20,20.0,20.0,20.0,20,30.0,30.0,30.0,30.0,30,30.0,30.0,30.0,30,30.0,27.0,27.0,27.0,27,27.0,26.0,25.0,22,22.0,22.0,19.0
122017,CARRETE  3.1    8 MM X 60000 LOOPS BLANCO,97,95.0,95.0,90.0,93,92.0,89.0,89.0,89,89.0,89.0,89.0,89,89.0,89.0,88,82.0,82.0,82.0,82.0,82,82.0,82.0,82.0,82,82.0,82.0,82.0,82,82.0,82.0,82.0,82.0,82,82.0,82.0,82.0,82,82.0,82.0,82.0,82.0,82,82.0,80.0,71.0,66,64.0,60.0,60.0
122018,CARRETE  3.1    8 MM X 60000 LOOPS NEGRO,34,34.0,34.0,34.0,34,34.0,34.0,34.0,34,34.0,34.0,34.0,34,34.0,34.0,34,34.0,34.0,34.0,34.0,34,34.0,34.0,34.0,34,34.0,34.0,34.0,34,34.0,34.0,34.0,34.0,34,34.0,34.0,34.0,34,34.0,34.0,34.0,33.0,33,32.0,32.0,32.0,32,32.0,32.0,32.0
122019,CARRETE  3.1    8 MM X 60000 LOOPS PLATA,1,1.0,1.0,1.0,1,1.0,1.0,1.0,1,1.0,1.0,1.0,1,1.0,1.0,1,1.0,1.0,1.0,1.0,1,1.0,1.0,1.0,1,1.0,1.0,1.0,1,1.0,1.0,1.0,1.0,1,1.0,1.0,1.0,1,1.0,1.0,1.0,1.0,1,1.0,1.0,1.0,0,0.0,0.0,0.0
122020,CARRETE  3.1    9 MM X 43000 LOOPS BLANCO,89,86.0,69.0,64.0,63,49.0,45.0,43.0,43,29.0,28.0,28.0,25,23.0,23.0,22,22.0,22.0,22.0,22.0,22,62.0,62.0,62.0,62,62.0,62.0,62.0,58,178.0,178.0,177.0,177.0,177,173.0,168.0,168.0,167,167.0,160.0,157.0,115.0,113,90.0,85.0,66.0,54,34.0,5.0,5.0
122021,CARRETE  3.1    9 MM X 43000 LOOPS BRONCE,25,25.0,25.0,25.0,25,25.0,25.0,25.0,25,25.0,25.0,25.0,25,25.0,25.0,25,25.0,25.0,25.0,25.0,25,25.0,25.0,25.0,25,25.0,25.0,25.0,25,25.0,25.0,25.0,25.0,24,24.0,24.0,22.0,22,22.0,22.0,22.0,22.0,22,22.0,22.0,22.0,21,21.0,21.0,21.0
122022,CARRETE  3.1    9 MM X 43000 LOOPS NEGRO,76,75.0,69.0,69.0,66,65.0,65.0,63.0,63,63.0,63.0,63.0,66,66.0,66.0,66,66.0,64.0,64.0,64.0,64,64.0,64.0,64.0,63,63.0,61.0,61.0,61,91.0,91.0,91.0,88.0,88,87.0,87.0,87.0,87,87.0,83.0,83.0,78.0,77,75.0,62.0,53.0,47,35.0,28.0,28.0
122023,CARRETE  3.1    9 MM X 43000 LOOPS PLATA,15,15.0,15.0,15.0,15,15.0,15.0,15.0,15,15.0,15.0,15.0,15,15.0,15.0,15,15.0,15.0,15.0,15.0,15,35.0,35.0,35.0,35,35.0,35.0,35.0,35,35.0,35.0,35.0,35.0,34,34.0,34.0,34.0,34,34.0,34.0,25.0,25.0,25,25.0,25.0,5.0,5,4.0,4.0,3.0
122024,CARRETE  3.1   11 MM X 32000 LOOPS BLANCO,3,3.0,2.0,2.0,2,1.0,1.0,1.0,1,1.0,1.0,1.0,1,1.0,1.0,1,1.0,1.0,1.0,1.0,1,41.0,41.0,41.0,41,41.0,41.0,41.0,39,89.0,89.0,89.0,89.0,89,89.0,87.0,87.0,87,87.0,87.0,84.0,84.0,84,77.0,74.0,66.0,52,33.0,11.0,10.0
122025,CARRETE  3.1   11 MM X 32000 LOOPS NEGRO,63,63.0,63.0,62.0,62,61.0,61.0,61.0,61,61.0,61.0,61.0,61,60.0,54.0,54,54.0,54.0,54.0,54.0,54,54.0,54.0,54.0,54,54.0,54.0,54.0,54,54.0,54.0,54.0,54.0,54,54.0,54.0,54.0,54,54.0,54.0,54.0,53.0,52,48.0,48.0,48.0,37,37.0,36.0,35.0
122026,CARRETE  3.1   12 MM X 24000 LOOPS BLANCO,4,4.0,0.0,0.0,0,0.0,0.0,0.0,0,0.0,0.0,0.0,0,0.0,0.0,0,0.0,0.0,0.0,0.0,0,49.0,49.0,49.0,49,47.0,43.0,43.0,40,70.0,70.0,70.0,70.0,68,68.0,67.0,64.0,64,64.0,63.0,62.0,60.0,60,53.0,47.0,41.0,28,20.0,11.0,11.0
122027,CARRETE  3.1   12 MM X 24000 LOOPS NEGRO,58,59.0,59.0,59.0,59,58.0,58.0,58.0,58,58.0,58.0,58.0,56,56.0,56.0,56,56.0,56.0,56.0,56.0,56,56.0,56.0,56.0,56,56.0,56.0,56.0,55,55.0,55.0,55.0,55.0,55,55.0,55.0,55.0,55,55.0,55.0,55.0,54.0,54,54.0,53.0,53.0,38,38.0,36.0,36.0
122028,CARRETE  3.1   12 MM X 24000 LOOPS PLATA,6,6.0,5.0,5.0,5,5.0,5.0,5.0,5,5.0,5.0,5.0,5,5.0,5.0,3,3.0,3.0,3.0,3.0,3,23.0,23.0,23.0,23,23.0,23.0,23.0,23,23.0,23.0,23.0,23.0,23,23.0,23.0,23.0,23,23.0,23.0,23.0,23.0,5,5.0,3.0,3.0,2,2.0,2.0,2.0
122029,CARRETE  3.1   14 MM X 19300 LOOPS BLANCO,0,0.0,0.0,0.0,0,0.0,0.0,0.0,0,0.0,0.0,0.0,0,0.0,0.0,0,0.0,0.0,0.0,0.0,0,34.0,33.0,33.0,32,32.0,32.0,32.0,32,32.0,32.0,32.0,32.0,32,32.0,32.0,30.0,30,30.0,29.0,29.0,28.0,28,28.0,28.0,28.0,25,22.0,15.0,13.0
122030,CARRETE  3.1   14 MM X 19300 LOOPS NEGRO,27,27.0,23.0,23.0,23,23.0,21.0,21.0,21,21.0,21.0,21.0,21,21.0,21.0,21,21.0,21.0,21.0,21.0,21,21.0,21.0,21.0,21,21.0,21.0,21.0,21,21.0,21.0,21.0,21.0,20,20.0,20.0,20.0,20,20.0,20.0,20.0,20.0,20,20.0,20.0,19.0,19,19.0,19.0,19.0
122031,CARRETE  3.1   14 MM X 19300 LOOPS PLATA,4,4.0,4.0,4.0,4,4.0,3.0,3.0,3,3.0,3.0,3.0,3,3.0,3.0,3,3.0,3.0,3.0,3.0,3,23.0,23.0,23.0,23,23.0,23.0,23.0,23,23.0,23.0,21.0,21.0,21,21.0,21.0,21.0,21,21.0,21.0,21.0,21.0,20,20.0,20.0,20.0,20,20.0,20.0,20.0
231001,CERRADORA MANUAL PARA ANILLO METALICO WMB5,26,25.0,25.0,25.0,25,25.0,25.0,25.0,25,25.0,25.0,25.0,25,25.0,25.0,25,25.0,25.0,25.0,25.0,25,25.0,25.0,25.0,25,24.0,24.0,24.0,24,24.0,24.0,24.0,24.0,24,24.0,24.0,24.0,24,24.0,24.0,24.0,24.0,24,24.0,24.0,24.0,23,23.0,22.0,22.0
131001,DESPUNTADORA L30,46,46.0,46.0,46.0,45,45.0,45.0,45.0,45,45.0,45.0,45.0,45,45.0,45.0,43,43.0,43.0,43.0,43.0,43,43.0,43.0,43.0,43,43.0,40.0,40.0,40,40.0,40.0,40.0,39.0,39,39.0,39.0,39.0,39,39.0,39.0,39.0,39.0,39,39.0,39.0,39.0,39,39.0,39.0,38.0
211002,DESTRUCTOR DE PAPEL SUNWOOD 9520,39,39.0,38.0,38.0,38,38.0,38.0,38.0,38,38.0,38.0,38.0,38,38.0,38.0,38,38.0,38.0,38.0,38.0,37,37.0,37.0,37.0,37,37.0,37.0,37.0,36,36.0,36.0,36.0,36.0,36,36.0,36.0,35.0,35,35.0,35.0,35.0,35.0,35,35.0,35.0,35.0,35,35.0,35.0,35.0
122081,DOBLE O CARTA 2.1    8 MM  CAJA X 100 BLANCO,429,429.0,424.0,424.0,424,424.0,423.0,423.0,423,423.0,423.0,423.0,423,423.0,423.0,423,417.0,417.0,417.0,417.0,416,516.0,516.0,516.0,516,516.0,516.0,516.0,516,516.0,516.0,516.0,516.0,515,515.0,515.0,515.0,515,515.0,515.0,515.0,515.0,515,507.0,507.0,507.0,505,505.0,505.0,505.0
122082,DOBLE O CARTA 2.1    8 MM  CAJA X 100 NEGRO,151,151.0,151.0,151.0,151,151.0,151.0,151.0,151,147.0,146.0,146.0,146,146.0,146.0,146,146.0,146.0,146.0,146.0,146,146.0,146.0,139.0,137,137.0,137.0,137.0,137,237.0,237.0,237.0,237.0,237,237.0,237.0,237.0,237,237.0,237.0,237.0,237.0,237,237.0,237.0,227.0,229,229.0,229.0,229.0
122083,DOBLE O CARTA 2.1    9 MM  CAJA X 100 BLANCO,348,348.0,343.0,338.0,338,338.0,335.0,335.0,335,335.0,335.0,335.0,335,335.0,335.0,335,329.0,329.0,321.0,321.0,320,320.0,319.0,319.0,319,318.0,319.0,319.0,319,318.0,318.0,318.0,318.0,318,318.0,318.0,308.0,308,308.0,306.0,306.0,306.0,306,305.0,305.0,295.0,293,293.0,285.0,285.0
122084,DOBLE O CARTA 2.1    9 MM  CAJA X 100 NEGRO,232,232.0,221.0,221.0,221,221.0,219.0,216.0,216,216.0,215.0,215.0,214,213.0,213.0,203,198.0,198.0,198.0,198.0,198,193.0,192.0,192.0,192,192.0,191.0,191.0,191,191.0,191.0,191.0,190.0,190,190.0,185.0,175.0,175,175.0,175.0,175.0,173.0,173,163.0,161.0,157.0,157,155.0,153.0,152.0
122085,DOBLE O CARTA 2.1   12 MM  CAJA X 100 BLANCO,0,0.0,0.0,0.0,0,0.0,0.0,0.0,0,0.0,0.0,0.0,0,0.0,0.0,0,0.0,0.0,0.0,0.0,0,200.0,197.0,197.0,193,193.0,192.0,192.0,192,391.0,386.0,385.0,365.0,365,364.0,292.0,287.0,287,287.0,286.0,286.0,285.0,282,279.0,276.0,276.0,274,274.0,273.0,273.0
122086,DOBLE O CARTA 2.1   12 MM  CAJA X 100 NEGRO,123,123.0,106.0,106.0,106,76.0,29.0,26.0,26,26.0,25.0,25.0,25,25.0,15.0,0,0.0,0.0,0.0,0.0,0,99.0,99.0,99.0,79,79.0,79.0,79.0,79,179.0,174.0,174.0,174.0,174,174.0,174.0,169.0,169,169.0,169.0,169.0,169.0,169,169.0,169.0,163.0,165,165.0,163.0,163.0
122087,DOBLE O CARTA 2.1   14 MM  CAJA X 100 BLANCO,289,286.0,285.0,281.0,281,281.0,279.0,259.0,259,249.0,224.0,224.0,224,224.0,224.0,224,221.0,221.0,213.0,212.0,212,212.0,210.0,210.0,210,210.0,210.0,210.0,210,210.0,210.0,210.0,210.0,210,210.0,210.0,210.0,210,210.0,210.0,52.0,51.0,51,51.0,51.0,6.0,4,4.0,4.0,4.0
122088,DOBLE O CARTA 2.1   14 MM  CAJA X 100 NEGRO,124,124.0,113.0,113.0,113,107.0,103.0,80.0,80,80.0,79.0,79.0,78,78.0,78.0,58,58.0,58.0,58.0,58.0,58,58.0,58.0,58.0,58,58.0,58.0,58.0,58,58.0,58.0,58.0,58.0,58,58.0,57.0,54.0,54,54.0,54.0,54.0,54.0,54,38.0,38.0,38.0,38,38.0,38.0,38.0
122089,DOBLE O CARTA 2.1   16 MM  CAJA X 50 BLANCO,409,407.0,379.0,379.0,379,375.0,371.0,351.0,321,321.0,320.0,320.0,318,318.0,317.0,287,275.0,273.0,257.0,257.0,225,173.0,171.0,163.0,163,163.0,163.0,163.0,154,349.0,339.0,309.0,307.0,306,306.0,283.0,283.0,262,262.0,251.0,249.0,246.0,246,245.0,244.0,193.0,191,189.0,147.0,146.0
122090,DOBLE O CARTA 2.1   16 MM  CAJA X 50 NEGRO,0,0.0,0.0,0.0,0,0.0,0.0,0.0,0,0.0,0.0,0.0,0,0.0,0.0,0,0.0,0.0,0.0,0.0,0,140.0,139.0,127.0,117,117.0,117.0,117.0,115,213.0,203.0,202.0,202.0,192,192.0,192.0,192.0,192,192.0,191.0,191.0,188.0,188,177.0,177.0,177.0,173,173.0,169.0,169.0
122091,DOBLE O CARTA 2.1   19 MM  CAJA X 50 BLANCO,52,0.0,0.0,0.0,0,0.0,0.0,0.0,0,0.0,0.0,0.0,0,0.0,0.0,0,0.0,0.0,0.0,0.0,0,298.0,296.0,294.0,173,172.0,170.0,170.0,162,355.0,343.0,343.0,343.0,343,341.0,321.0,301.0,241,238.0,225.0,219.0,214.0,214,214.0,213.0,205.0,188,186.0,176.0,176.0
122112,DOBLE O CARTA 2.1   19 MM  CAJA X 50 BRONCE,130,126.0,116.0,113.0,112,112.0,87.0,87.0,84,84.0,84.0,84.0,84,83.0,82.0,62,60.0,58.0,56.0,55.0,55,55.0,55.0,55.0,55,53.0,51.0,51.0,43,42.0,42.0,41.0,41.0,41,40.0,40.0,40.0,40,40.0,34.0,34.0,28.0,27,27.0,27.0,26.0,23,23.0,21.0,21.0
122092,DOBLE O CARTA 2.1   19 MM  CAJA X 50 NEGRO,25,0.0,0.0,0.0,0,0.0,0.0,0.0,0,0.0,0.0,0.0,0,0.0,0.0,0,0.0,0.0,0.0,0.0,0,139.0,138.0,136.0,136,135.0,134.0,134.0,124,222.0,212.0,212.0,212.0,212,212.0,209.0,189.0,117,117.0,96.0,96.0,95.0,95,85.0,85.0,85.0,83,83.0,80.0,80.0
122093,DOBLE O CARTA 2.1   22 MM  CAJA X 50 BLANCO,130,120.0,118.0,118.0,116,116.0,116.0,113.0,112,111.0,110.0,110.0,110,109.0,108.0,108,96.0,95.0,94.0,94.0,94,194.0,193.0,183.0,183,182.0,181.0,181.0,179,273.0,272.0,272.0,271.0,271,271.0,269.0,268.0,258,258.0,258.0,258.0,258.0,257,252.0,243.0,243.0,237,235.0,231.0,231.0
122094,DOBLE O CARTA 2.1   22 MM  CAJA X 50 NEGRO,243,243.0,236.0,236.0,234,214.0,211.0,191.0,191,188.0,185.0,185.0,185,184.0,181.0,153,148.0,148.0,148.0,148.0,148,148.0,147.0,136.0,136,136.0,136.0,136.0,134,134.0,134.0,133.0,131.0,131,131.0,130.0,129.0,99,99.0,99.0,99.0,97.0,97,97.0,97.0,97.0,97,97.0,97.0,97.0
122095,DOBLE O CARTA 2.1   25 MM  CAJA X 50 BLANCO,136,135.0,134.0,133.0,133,133.0,133.0,133.0,132,131.0,131.0,131.0,131,131.0,130.0,130,130.0,130.0,127.0,127.0,127,227.0,226.0,226.0,226,225.0,224.0,224.0,223,322.0,322.0,322.0,322.0,322,322.0,322.0,322.0,322,322.0,322.0,322.0,322.0,322,321.0,320.0,320.0,319,318.0,313.0,313.0
122096,DOBLE O CARTA 2.1   25 MM  CAJA X 50 NEGRO,249,248.0,248.0,248.0,246,246.0,237.0,237.0,237,237.0,237.0,237.0,236,236.0,226.0,226,224.0,224.0,224.0,224.0,224,224.0,224.0,224.0,224,224.0,224.0,224.0,222,222.0,222.0,221.0,221.0,221,221.0,220.0,220.0,220,220.0,220.0,220.0,220.0,220,220.0,220.0,220.0,220,220.0,220.0,220.0
122097,DOBLE O CARTA 2.1   28 MM  CAJA X 30 BLANCO,358,358.0,358.0,357.0,357,355.0,355.0,355.0,355,353.0,353.0,353.0,353,353.0,352.0,352,351.0,351.0,351.0,351.0,351,351.0,351.0,349.0,348,347.0,347.0,347.0,344,344.0,344.0,344.0,344.0,344,344.0,343.0,341.0,341,341.0,341.0,341.0,341.0,341,340.0,338.0,338.0,338,336.0,336.0,336.0
122098,DOBLE O CARTA 2.1   28 MM  CAJA X 30 NEGRO,330,330.0,330.0,330.0,330,330.0,329.0,329.0,329,329.0,329.0,329.0,328,326.0,322.0,319,310.0,310.0,308.0,308.0,306,302.0,300.0,297.0,294,292.0,292.0,292.0,291,291.0,285.0,285.0,285.0,285,285.0,285.0,285.0,284,284.0,284.0,284.0,284.0,283,283.0,283.0,283.0,283,283.0,283.0,283.0
122099,DOBLE O CARTA 2.1   32 MM  CAJA X 30 BLANCO,406,405.0,405.0,405.0,405,405.0,405.0,405.0,405,405.0,404.0,404.0,404,404.0,403.0,403,403.0,403.0,403.0,403.0,403,403.0,403.0,403.0,402,401.0,401.0,401.0,401,399.0,399.0,399.0,399.0,398,398.0,398.0,398.0,398,398.0,398.0,398.0,398.0,397,397.0,396.0,396.0,396,396.0,396.0,396.0
122100,DOBLE O CARTA 2.1   32 MM  CAJA X 30 NEGRO,165,165.0,158.0,157.0,157,152.0,149.0,149.0,149,144.0,144.0,144.0,144,144.0,143.0,143,143.0,143.0,143.0,143.0,143,143.0,133.0,133.0,133,133.0,133.0,133.0,128,127.0,126.0,126.0,126.0,126,126.0,125.0,115.0,115,115.0,115.0,115.0,115.0,115,113.0,103.0,103.0,103,103.0,103.0,103.0
122101,DOBLE O CARTA 3.1    8 MM   CAJA X 100 BLANCO,622,622.0,622.0,622.0,622,621.0,618.0,618.0,618,618.0,618.0,618.0,618,618.0,618.0,618,618.0,618.0,618.0,618.0,618,618.0,618.0,618.0,618,617.0,617.0,617.0,616,616.0,616.0,616.0,616.0,616,616.0,616.0,616.0,616,616.0,616.0,616.0,612.0,612,612.0,612.0,612.0,612,610.0,610.0,610.0
122102,DOBLE O CARTA 3.1    8 MM  CAJA X 100 NEGRO,411,410.0,410.0,407.0,407,406.0,404.0,404.0,400,400.0,400.0,396.0,396,396.0,396.0,396,394.0,394.0,394.0,394.0,394,391.0,389.0,389.0,389,389.0,389.0,389.0,389,389.0,389.0,389.0,389.0,389,389.0,388.0,383.0,383,383.0,383.0,383.0,383.0,383,383.0,383.0,383.0,383,383.0,383.0,383.0
122103,DOBLE O CARTA 3.1    9 MM  CAJA X 100 BLANCO,436,436.0,436.0,435.0,433,432.0,431.0,431.0,431,431.0,431.0,430.0,428,428.0,428.0,428,427.0,427.0,423.0,423.0,423,423.0,423.0,423.0,423,423.0,422.0,422.0,419,419.0,419.0,419.0,419.0,419,419.0,419.0,419.0,419,419.0,414.0,412.0,409.0,409,399.0,398.0,398.0,398,383.0,383.0,383.0
122104,DOBLE O CARTA 3.1    9 MM  CAJA X 100 NEGRO,0,0.0,0.0,0.0,0,0.0,0.0,0.0,0,0.0,0.0,0.0,0,0.0,0.0,0,0.0,0.0,0.0,0.0,0,187.0,185.0,185.0,185,185.0,184.0,184.0,174,244.0,234.0,234.0,234.0,232,232.0,232.0,214.0,213,213.0,213.0,212.0,211.0,210,189.0,189.0,188.0,168,168.0,168.0,168.0
122105,DOBLE O CARTA 3.1   11 MM  CAJA X 100 BLANCO,377,377.0,377.0,372.0,372,371.0,371.0,370.0,370,370.0,370.0,358.0,358,358.0,358.0,358,358.0,358.0,358.0,358.0,358,358.0,358.0,358.0,358,358.0,358.0,358.0,358,357.0,357.0,357.0,357.0,357,357.0,357.0,357.0,347,347.0,347.0,347.0,347.0,347,347.0,347.0,347.0,347,346.0,326.0,326.0
122106,DOBLE O CARTA 3.1   11 MM  CAJA X 100 NEGRO,74,74.0,74.0,42.0,42,31.0,28.0,28.0,28,28.0,28.0,28.0,28,22.0,22.0,22,21.0,21.0,21.0,21.0,21,121.0,119.0,119.0,119,119.0,119.0,119.0,119,219.0,219.0,219.0,218.0,218,218.0,218.0,200.0,180,180.0,180.0,179.0,178.0,138,137.0,137.0,137.0,137,137.0,127.0,127.0
122108,DOBLE O CARTA 3.1   12 MM  CAJA X 100 BLANCO,672,672.0,672.0,672.0,672,671.0,671.0,671.0,671,671.0,669.0,669.0,669,669.0,669.0,669,669.0,669.0,666.0,666.0,666,666.0,666.0,666.0,666,666.0,666.0,666.0,666,666.0,666.0,666.0,666.0,666,666.0,665.0,665.0,663,663.0,663.0,663.0,663.0,663,660.0,660.0,660.0,648,648.0,642.0,642.0
122107,DOBLE O CARTA 3.1   12 MM  CAJA X 100 NEGRO,268,268.0,257.0,247.0,243,232.0,229.0,229.0,229,228.0,228.0,228.0,227,227.0,217.0,217,216.0,216.0,216.0,216.0,216,206.0,204.0,204.0,204,204.0,204.0,204.0,204,203.0,203.0,203.0,203.0,203,203.0,203.0,183.0,181,181.0,181.0,181.0,181.0,181,168.0,168.0,168.0,168,167.0,167.0,167.0
122109,DOBLE O CARTA 3.1   12 MM  CAJA X 100 PLATA,157,157.0,156.0,156.0,156,155.0,155.0,155.0,155,155.0,155.0,155.0,154,154.0,154.0,154,154.0,154.0,154.0,154.0,154,154.0,154.0,154.0,154,154.0,154.0,154.0,154,154.0,154.0,154.0,154.0,154,154.0,154.0,154.0,154,154.0,154.0,134.0,134.0,134,134.0,134.0,134.0,134,134.0,134.0,134.0
122110,DOBLE O CARTA 3.1   14 MM  CAJA X 100 BLANCO,331,331.0,331.0,331.0,331,330.0,329.0,328.0,328,328.0,328.0,328.0,327,326.0,326.0,326,325.0,325.0,325.0,325.0,325,325.0,325.0,325.0,325,325.0,325.0,325.0,325,325.0,325.0,325.0,295.0,295,295.0,295.0,290.0,290,290.0,290.0,290.0,290.0,290,290.0,290.0,290.0,290,290.0,290.0,290.0
122111,DOBLE O CARTA 3.1   14 MM  CAJA X 100 NEGRO,151,151.0,150.0,138.0,135,109.0,105.0,85.0,85,84.0,84.0,84.0,84,84.0,84.0,74,73.0,73.0,73.0,73.0,73,73.0,71.0,71.0,71,71.0,71.0,71.0,71,71.0,71.0,70.0,70.0,68,68.0,68.0,58.0,54,54.0,54.0,54.0,54.0,54,52.0,48.0,50.0,50,50.0,50.0,50.0
231015,ENCUADERNADORA DUO GENERICA - WW2500A(2.1) (3.1),49,48.0,40.0,38.0,37,35.0,35.0,32.0,32,28.0,28.0,28.0,26,26.0,26.0,22,22.0,22.0,22.0,22.0,22,22.0,22.0,22.0,22,22.0,21.0,21.0,21,21.0,21.0,21.0,21.0,21,21.0,21.0,21.0,20,16.0,14.0,14.0,13.0,13,13.0,13.0,13.0,13,13.0,13.0,13.0
231004,ENCUADERNADORA ELECTRICA WIRE MAC (2.1),1,1.0,1.0,1.0,1,1.0,1.0,1.0,1,1.0,1.0,1.0,1,1.0,1.0,1,1.0,1.0,1.0,1.0,1,1.0,1.0,1.0,1,1.0,1.0,1.0,1,1.0,1.0,1.0,1.0,1,1.0,1.0,1.0,1,1.0,1.0,1.0,1.0,1,1.0,1.0,1.0,1,1.0,1.0,1.0
231005,ENCUADERNADORA ELECTRICA WIRE MAC (3.1),4,4.0,4.0,4.0,4,4.0,4.0,4.0,4,4.0,4.0,4.0,4,4.0,4.0,4,4.0,4.0,4.0,4.0,4,4.0,4.0,4.0,4,4.0,4.0,4.0,4,4.0,4.0,4.0,4.0,4,4.0,4.0,4.0,4,4.0,4.0,4.0,4.0,4,4.0,4.0,4.0,4,4.0,4.0,4.0
231003,ENCUADERNADORA GENERICA W25A (2.1),27,27.0,27.0,25.0,25,25.0,25.0,24.0,23,23.0,23.0,23.0,23,22.0,22.0,22,22.0,22.0,22.0,22.0,22,22.0,22.0,22.0,22,22.0,21.0,21.0,21,21.0,21.0,21.0,21.0,21,21.0,21.0,21.0,21,21.0,21.0,21.0,21.0,21,21.0,21.0,20.0,20,20.0,20.0,20.0
231008,ENCUADERNADORA WIRE MAC DUO (2.1) - (3.1),1,1.0,1.0,1.0,1,1.0,1.0,1.0,1,0.0,0.0,0.0,0,0.0,0.0,0,0.0,0.0,0.0,0.0,0,0.0,0.0,0.0,0,0.0,0.0,0.0,0,0.0,0.0,0.0,0.0,0,0.0,0.0,0.0,0,0.0,0.0,0.0,0.0,0,0.0,0.0,0.0,0,0.0,0.0,0.0
124004,ESPIRAL CARTA 12 MM  PAQ X 100 NEGRO,107,67.0,57.0,57.0,37,36.0,16.0,1.0,1,1.0,1.0,1.0,0,0.0,0.0,0,0.0,0.0,0.0,0.0,0,0.0,0.0,0.0,0,0.0,0.0,0.0,0,0.0,0.0,0.0,0.0,0,0.0,0.0,0.0,0,0.0,0.0,0.0,0.0,0,0.0,0.0,0.0,0,0.0,0.0,0.0
124005,ESPIRAL CARTA 14 MM  PAQ X 100 NEGRO,0,0.0,0.0,0.0,0,0.0,0.0,0.0,0,0.0,0.0,0.0,0,0.0,0.0,0,0.0,0.0,0.0,0.0,0,0.0,0.0,0.0,0,0.0,0.0,0.0,0,0.0,0.0,0.0,0.0,0,0.0,0.0,0.0,0,0.0,0.0,0.0,0.0,0,0.0,0.0,0.0,0,0.0,0.0,0.0
124006,ESPIRAL CARTA 17 MM  PAQ X 100 NEGRO,0,0.0,0.0,0.0,0,0.0,0.0,0.0,0,0.0,0.0,0.0,0,0.0,0.0,0,0.0,0.0,0.0,0.0,0,0.0,0.0,0.0,0,0.0,0.0,0.0,0,0.0,0.0,0.0,0.0,0,0.0,0.0,0.0,0,0.0,0.0,0.0,0.0,0,0.0,0.0,0.0,0,0.0,0.0,0.0
124007,ESPIRAL CARTA 20 MM  PAQ X 70 NEGRO,0,0.0,0.0,0.0,0,0.0,0.0,0.0,0,0.0,0.0,0.0,0,0.0,0.0,0,0.0,0.0,0.0,0.0,0,0.0,0.0,0.0,0,0.0,0.0,0.0,0,0.0,0.0,0.0,0.0,0,0.0,0.0,0.0,0,0.0,0.0,0.0,0.0,0,0.0,0.0,0.0,0,0.0,0.0,0.0
124008,ESPIRAL CARTA 20 MM  PAQ X 70 TRANSPARENTE,379,379.0,379.0,379.0,379,378.0,378.0,377.0,377,377.0,377.0,377.0,348,348.0,347.0,347,347.0,347.0,347.0,347.0,347,347.0,347.0,347.0,347,347.0,346.0,346.0,346,346.0,346.0,346.0,346.0,336,336.0,336.0,336.0,335,335.0,335.0,334.0,334.0,334,334.0,334.0,334.0,328,328.0,328.0,328.0
124009,ESPIRAL CARTA 23 MM  PAQ X 60 NEGRO,0,0.0,0.0,0.0,0,0.0,0.0,0.0,0,0.0,0.0,0.0,0,0.0,0.0,0,0.0,0.0,0.0,0.0,0,0.0,0.0,0.0,0,0.0,0.0,0.0,0,0.0,0.0,0.0,0.0,0,0.0,0.0,0.0,0,0.0,0.0,0.0,0.0,0,0.0,0.0,0.0,0,0.0,0.0,0.0
124010,ESPIRAL CARTA 25 MM  PAQ X 45 NEGRO,145,145.0,145.0,145.0,145,145.0,139.0,139.0,138,138.0,138.0,138.0,138,138.0,137.0,137,137.0,137.0,132.0,132.0,132,132.0,132.0,132.0,132,132.0,132.0,132.0,132,132.0,132.0,132.0,132.0,132,132.0,132.0,132.0,132,114.0,114.0,114.0,114.0,114,114.0,114.0,114.0,108,108.0,108.0,108.0
124011,ESPIRAL CARTA 33 MM  PAQ X 25 NEGRO,188,188.0,188.0,188.0,188,188.0,182.0,182.0,182,182.0,182.0,182.0,181,181.0,177.0,177,177.0,177.0,172.0,172.0,172,172.0,172.0,172.0,172,172.0,172.0,172.0,172,172.0,172.0,172.0,172.0,172,172.0,172.0,172.0,172,139.0,139.0,139.0,139.0,139,139.0,139.0,139.0,133,133.0,133.0,133.0
124001,ESPIRAL CARTA 7 MM  PAQ X 100 NEGRO,304,304.0,304.0,304.0,304,304.0,304.0,269.0,269,269.0,269.0,269.0,269,269.0,268.0,268,268.0,268.0,264.0,264.0,264,264.0,264.0,264.0,264,264.0,262.0,262.0,262,262.0,262.0,262.0,192.0,192,192.0,192.0,192.0,191,191.0,191.0,191.0,190.0,190,190.0,190.0,190.0,190,190.0,185.0,185.0
124002,ESPIRAL CARTA 7 MM  PAQ X 100 TRANSPARENTE,1166,1166.0,1166.0,1166.0,1165,1165.0,1164.0,1164.0,1160,1160.0,1160.0,1160.0,1160,1160.0,1158.0,1158,1158.0,1158.0,1158.0,1158.0,1158,1158.0,1158.0,1158.0,1158,1158.0,1158.0,1158.0,1158,1158.0,1158.0,1158.0,1158.0,1158,1158.0,1158.0,1158.0,1158,1158.0,1158.0,1158.0,1158.0,1158,1158.0,1158.0,1158.0,1158,1158.0,1158.0,1158.0
124003,ESPIRAL CARTA 9 MM  PAQ X 100 NEGRO,2262,2262.0,2262.0,2262.0,2186,2183.0,2163.0,2138.0,2136,2136.0,2135.0,2135.0,2135,2135.0,2133.0,2122,2122.0,2095.0,2091.0,2091.0,2089,2089.0,2089.0,2089.0,2079,2050.0,2048.0,2048.0,2048,2048.0,2048.0,2048.0,1972.0,1962,1962.0,1962.0,1962.0,1962,1955.0,1951.0,1951.0,1950.0,1950,1940.0,1940.0,1940.0,1934,1934.0,1934.0,1934.0
231009,ESPIRALADORA COIL MAC ELECTRICA CON INSERTADOR,1,1.0,1.0,1.0,1,1.0,1.0,1.0,1,1.0,1.0,1.0,1,1.0,1.0,1,1.0,1.0,1.0,1.0,1,1.0,1.0,1.0,1,1.0,1.0,1.0,1,1.0,1.0,1.0,1.0,1,1.0,1.0,1.0,1,1.0,1.0,1.0,1.0,1,1.0,1.0,1.0,1,1.0,1.0,1.0
231016,ESPIRALADORA COIL MAC MANUAL,3,3.0,3.0,3.0,3,3.0,3.0,3.0,3,3.0,3.0,3.0,3,3.0,3.0,3,3.0,3.0,3.0,3.0,3,3.0,3.0,3.0,3,3.0,3.0,3.0,3,3.0,3.0,3.0,3.0,3,3.0,3.0,3.0,3,3.0,3.0,3.0,3.0,3,3.0,3.0,3.0,3,3.0,3.0,3.0
231007,ESPIRALADORA ESPIRAMATIC MANUAL 360,108,108.0,108.0,108.0,108,108.0,108.0,108.0,108,107.0,102.0,102.0,102,102.0,102.0,102,102.0,102.0,102.0,102.0,102,102.0,102.0,102.0,102,102.0,102.0,102.0,102,102.0,102.0,102.0,102.0,102,102.0,102.0,102.0,102,102.0,102.0,102.0,102.0,102,101.0,101.0,101.0,101,101.0,101.0,101.0
231017,ESPIRALADORA RUBI COIL,1,1.0,1.0,1.0,1,1.0,1.0,1.0,1,1.0,1.0,1.0,1,1.0,1.0,1,1.0,1.0,1.0,1.0,1,1.0,1.0,1.0,1,1.0,1.0,1.0,1,1.0,1.0,1.0,1.0,1,1.0,1.0,1.0,1,1.0,1.0,1.0,1.0,1,1.0,1.0,1.0,1,1.0,1.0,1.0
112031,FOIL S1 (101) 640 MM X 120 MT 12 MIC DORADO,51,51.0,37.0,37.0,30,30.0,20.0,10.0,10,10.0,10.0,10.0,5,5.0,5.0,0,0.0,0.0,0.0,0.0,0,0.0,0.0,0.0,0,0.0,0.0,0.0,0,0.0,0.0,0.0,0.0,0,0.0,0.0,0.0,0,0.0,0.0,0.0,0.0,0,0.0,0.0,0.0,0,0.0,0.0,0.0
112032,FOIL S1 (120) 640 MM X 120 MT 12 MIC PLATA,99,99.0,99.0,99.0,96,96.0,96.0,96.0,96,96.0,96.0,96.0,96,96.0,93.0,91,90.0,90.0,90.0,89.0,89,89.0,89.0,89.0,89,89.0,88.0,88.0,88,87.0,87.0,87.0,87.0,87,87.0,87.0,87.0,87,86.0,86.0,86.0,86.0,86,86.0,86.0,85.0,85,85.0,85.0,85.0
112033,FOIL S2 (101) 640 MM X 120 MT 12 MIC DORADO,10,10.0,10.0,8.0,1000,1000.0,986.0,986.0,986,985.0,985.0,985.0,986,986.0,948.0,947,936.0,935.0,935.0,926.0,923,917.0,917.0,918.0,915,915.0,909.0,909.0,909,896.0,885.0,885.0,882.0,882,872.0,872.0,872.0,871,866.0,856.0,856.0,856.0,855,845.0,833.0,822.0,822,817.0,806.0,806.0
112034,FOIL S2 (120) 640 MM X 120 MT 12 MIC PLATA,19,19.0,19.0,19.0,518,516.0,510.0,510.0,510,510.0,505.0,400.0,400,395.0,395.0,395,395.0,390.0,390.0,390.0,390,389.0,389.0,386.0,386,336.0,335.0,335.0,335,335.0,332.0,332.0,332.0,332,332.0,330.0,330.0,330,330.0,325.0,325.0,323.0,323,323.0,323.0,322.0,322,309.0,309.0,309.0
112037,FOIL S2 (A152-1) 640 MM X 120 MT 12 MIC ROSA,0,0.0,0.0,0.0,194,174.0,173.0,173.0,173,173.0,173.0,173.0,173,173.0,163.0,163,163.0,163.0,163.0,163.0,163,162.0,162.0,162.0,162,112.0,112.0,112.0,112,112.0,112.0,112.0,112.0,112,107.0,107.0,107.0,107,107.0,106.0,106.0,106.0,106,106.0,106.0,106.0,96,94.0,94.0,94.0
112036,FOIL S4 (S15) 640 MM X 120 MT 12 MIC PLATA HOLOGRAFICO,2,2.0,2.0,1.0,99,99.0,99.0,99.0,96,96.0,96.0,96.0,96,96.0,96.0,96,96.0,96.0,96.0,96.0,96,96.0,96.0,96.0,96,96.0,96.0,96.0,96,96.0,96.0,96.0,96.0,96,95.0,95.0,95.0,95,95.0,95.0,95.0,95.0,94,94.0,94.0,94.0,94,94.0,94.0,94.0
112038,FOIL S4 (SA12) 640 MM X 120 MT 12 MIC DORADO HOLOGRAFICO,0,0.0,0.0,0.0,99,99.0,99.0,99.0,98,98.0,98.0,98.0,98,98.0,98.0,98,98.0,98.0,98.0,98.0,98,98.0,98.0,98.0,98,98.0,98.0,98.0,98,98.0,98.0,98.0,98.0,98,98.0,98.0,98.0,98,98.0,98.0,98.0,98.0,97,97.0,97.0,97.0,97,97.0,97.0,97.0
112035,FOIL S4 (SA18) 640 MM X 120 MT 12 MIC DORADO HOLOGRAFICO,8,8.0,8.0,8.0,106,106.0,106.0,106.0,106,106.0,106.0,106.0,106,106.0,106.0,106,106.0,106.0,106.0,106.0,106,106.0,106.0,106.0,106,106.0,105.0,105.0,105,105.0,105.0,105.0,105.0,105,105.0,105.0,105.0,105,105.0,105.0,105.0,105.0,105,105.0,105.0,104.0,104,104.0,104.0,104.0
311001,KIT REPUESTO DESPUNTADORA DIAMOND-1,97,97.0,97.0,97.0,97,97.0,97.0,97.0,97,97.0,97.0,97.0,97,97.0,97.0,97,97.0,97.0,97.0,97.0,97,97.0,97.0,97.0,97,97.0,97.0,97.0,97,97.0,97.0,97.0,97.0,97,97.0,97.0,97.0,97,97.0,97.0,97.0,97.0,97,97.0,97.0,97.0,97,97.0,97.0,97.0
222005,"LAMINADORA LEDCO D 42""",1,1.0,1.0,1.0,1,1.0,1.0,1.0,1,1.0,1.0,1.0,1,1.0,1.0,1,1.0,1.0,1.0,1.0,1,1.0,1.0,1.0,1,1.0,1.0,1.0,1,1.0,1.0,1.0,1.0,1,1.0,1.0,1.0,1,1.0,1.0,1.0,1.0,1,1.0,1.0,1.0,1,1.0,1.0,1.0
221008,"LAMINADORA ROYAL ES 1315 - 12""",155,155.0,154.0,153.0,153,153.0,150.0,149.0,148,147.0,147.0,147.0,147,147.0,146.0,146,146.0,146.0,146.0,146.0,146,145.0,145.0,145.0,145,124.0,118.0,118.0,118,112.0,102.0,102.0,101.0,96,95.0,95.0,94.0,94,94.0,92.0,92.0,92.0,92,92.0,92.0,92.0,91,91.0,91.0,91.0
221007,"LAMINADORA ROYAL ES 915 - 9""",133,133.0,126.0,117.0,116,116.0,110.0,102.0,92,88.0,87.0,87.0,85,84.0,84.0,71,69.0,65.0,59.0,51.0,51,42.0,42.0,36.0,33,3.0,1.0,1.0,1,1.0,1.0,1.0,1.0,1,146.0,144.0,144.0,143,143.0,137.0,137.0,134.0,128,128.0,122.0,122.0,122,121.0,121.0,121.0
221003,LAMINADORA ROYAL IL 926W,0,0.0,0.0,0.0,0,0.0,0.0,0.0,0,0.0,0.0,0.0,0,0.0,0.0,0,0.0,0.0,0.0,0.0,0,0.0,0.0,0.0,0,0.0,0.0,0.0,0,0.0,0.0,0.0,0.0,0,2016.0,2012.0,1699.0,1699,1696.0,1696.0,1696.0,1696.0,1695,1686.0,1686.0,1686.0,1681,1677.0,1677.0,1677.0
221001,LAMINADORA ROYAL NR 901 DIGITAL,1,1.0,1.0,1.0,1,1.0,1.0,1.0,1,1.0,1.0,1.0,1,1.0,1.0,1,1.0,1.0,1.0,1.0,1,1.0,1.0,1.0,1,1.0,1.0,1.0,1,1.0,1.0,1.0,1.0,1,151.0,151.0,151.0,151,151.0,151.0,151.0,151.0,151,151.0,150.0,150.0,150,150.0,150.0,150.0
221004,LAMINADORA ROYAL RSL 2701,2,2.0,2.0,2.0,2,2.0,2.0,2.0,2,2.0,2.0,2.0,2,2.0,2.0,2,2.0,2.0,2.0,2.0,2,2.0,2.0,2.0,2,2.0,2.0,2.0,2,2.0,2.0,2.0,2.0,2,2.0,2.0,2.0,2,2.0,2.0,2.0,2.0,2,2.0,2.0,2.0,2,2.0,2.0,2.0
221006,LAMINADORA ROYAL RSL 38CM,1,1.0,1.0,1.0,1,1.0,1.0,1.0,1,1.0,1.0,1.0,1,1.0,1.0,1,1.0,1.0,1.0,1.0,1,1.0,1.0,1.0,1,1.0,1.0,1.0,1,1.0,1.0,1.0,1.0,1,1.0,1.0,1.0,1,1.0,1.0,1.0,1.0,1,1.0,1.0,1.0,1,1.0,1.0,1.0
222001,LAMINADORA TAHSIN 1400 34 CM,6,6.0,6.0,6.0,6,6.0,6.0,6.0,6,6.0,6.0,6.0,6,6.0,6.0,6,6.0,6.0,6.0,6.0,6,6.0,6.0,6.0,6,6.0,6.0,6.0,6,6.0,6.0,6.0,6.0,6,6.0,6.0,6.0,6,6.0,6.0,6.0,6.0,6,6.0,6.0,6.0,6,6.0,6.0,6.0
222006,LAMINADORA TAHSIN TCC 2700,1,1.0,1.0,1.0,1,1.0,1.0,1.0,1,1.0,1.0,1.0,1,1.0,1.0,1,1.0,1.0,1.0,1.0,1,1.0,1.0,1.0,1,1.0,1.0,1.0,1,1.0,1.0,1.0,1.0,1,1.0,1.0,1.0,1,1.0,1.0,1.0,1.0,1,1.0,1.0,1.0,1,1.0,1.0,1.0
222002,LAMINADORA TAHSIN TCC 330,67,67.0,67.0,67.0,67,67.0,67.0,67.0,67,67.0,67.0,67.0,67,67.0,67.0,67,67.0,67.0,67.0,67.0,67,67.0,67.0,67.0,67,66.0,66.0,66.0,66,66.0,65.0,65.0,65.0,64,64.0,64.0,64.0,64,63.0,63.0,62.0,61.0,61,60.0,59.0,58.0,56,54.0,54.0,54.0
222003,LAMINADORA TAHSIN VERSALAM 1300,1,1.0,1.0,1.0,1,1.0,1.0,1.0,1,1.0,1.0,1.0,1,1.0,1.0,1,1.0,1.0,1.0,1.0,1,1.0,1.0,1.0,1,1.0,1.0,1.0,1,1.0,1.0,1.0,1.0,1,1.0,1.0,1.0,1,1.0,1.0,1.0,1.0,1,1.0,1.0,1.0,1,1.0,1.0,1.0
231012,MAQUINA PERFORADORA CK-600,0,0.0,0.0,0.0,0,0.0,0.0,0.0,0,0.0,0.0,0.0,0,0.0,0.0,0,0.0,0.0,0.0,0.0,0,0.0,0.0,0.0,0,0.0,0.0,0.0,0,0.0,0.0,0.0,0.0,0,0.0,0.0,0.0,0,0.0,0.0,0.0,0.0,0,0.0,0.0,0.0,0,0.0,0.0,0.0
231013,MAQUINA PERFORADORA CKD-600,2,2.0,2.0,2.0,2,2.0,2.0,2.0,2,2.0,2.0,2.0,2,2.0,2.0,2,2.0,2.0,2.0,2.0,2,2.0,2.0,2.0,2,2.0,2.0,2.0,2,2.0,2.0,2.0,2.0,2,2.0,2.0,2.0,2,2.0,2.0,2.0,2.0,2,2.0,2.0,2.0,2,2.0,2.0,2.0
231014,PERFORADOR DOBLE OO MINIMAX (2.1) SEMI-INDUSTRIAL,1,1.0,1.0,1.0,0,0.0,0.0,0.0,0,0.0,0.0,0.0,0,0.0,0.0,0,0.0,0.0,0.0,0.0,0,0.0,0.0,0.0,0,0.0,0.0,0.0,0,0.0,0.0,0.0,0.0,0,0.0,0.0,0.0,0,0.0,0.0,0.0,0.0,0,0.0,0.0,0.0,0,0.0,0.0,0.0
223001,PLASTIFICADORA PDFM 360,35,35.0,35.0,35.0,35,35.0,35.0,35.0,34,33.0,33.0,33.0,33,33.0,33.0,33,33.0,33.0,33.0,33.0,33,33.0,33.0,33.0,33,33.0,32.0,32.0,32,32.0,32.0,32.0,32.0,32,32.0,32.0,32.0,32,32.0,32.0,32.0,31.0,31,28.0,27.0,27.0,27,27.0,27.0,27.0
131013,PROTECTOR DE HOJA DELGADO CARTA PQ X 100 (0.03MM),240,240.0,240.0,240.0,240,240.0,240.0,240.0,240,240.0,240.0,240.0,240,240.0,240.0,240,240.0,240.0,240.0,240.0,240,240.0,240.0,240.0,240,240.0,240.0,240.0,240,240.0,240.0,240.0,240.0,240,240.0,240.0,240.0,240,240.0,240.0,240.0,240.0,240,240.0,240.0,240.0,240,240.0,240.0,240.0
131015,PROTECTOR DE HOJA GRUESO CARTA PQ X 50 (0.08MM),1214,1214.0,1214.0,1174.0,1174,1174.0,1134.0,1134.0,1014,1014.0,1014.0,974.0,974,974.0,974.0,974,974.0,974.0,974.0,974.0,974,974.0,894.0,894.0,874,868.0,828.0,828.0,828,828.0,748.0,748.0,668.0,548,548.0,548.0,548.0,548,548.0,468.0,468.0,468.0,468,468.0,468.0,468.0,468,468.0,468.0,468.0
111001,ROLLO 113 MM X 60 MTS 175 MICRAS,1244,1244.0,1212.0,1205.0,1205,1192.0,1192.0,1160.0,1160,1138.0,1132.0,1132.0,1132,1132.0,1132.0,1148,1142.0,1142.0,1142.0,1098.0,1073,1073.0,1063.0,1061.0,1061,1061.0,1061.0,1061.0,1055,1055.0,1049.0,1048.0,1048.0,1048,1048.0,1048.0,1032.0,1032,1026.0,1026.0,1026.0,1026.0,1026,1018.0,1018.0,1018.0,962,962.0,962.0,962.0
111002,ROLLO 113 MM X 60 MTS 250 MICRAS,121,115.0,115.0,109.0,101,95.0,95.0,95.0,95,95.0,89.0,89.0,81,81.0,81.0,81,81.0,81.0,75.0,75.0,75,75.0,74.0,74.0,74,74.0,62.0,62.0,60,60.0,56.0,56.0,56.0,56,56.0,28.0,26.0,5,1.0,1.0,1.0,1.0,1,1.0,1.0,1.0,1,1.0,1.0,1.0
111003,ROLLO 226 MM X 60 MTS 125 MICRAS,0,952.0,182.0,170.0,385,349.0,345.0,314.0,301,285.0,285.0,117.0,117,109.0,91.0,91,65.0,62.0,50.0,49.0,47,3616.0,3001.0,3001.0,3001,3001.0,2957.0,2957.0,2947,2931.0,2931.0,2910.0,2885.0,2867,2813.0,2813.0,2798.0,2758,2752.0,2744.0,2744.0,2344.0,2336,2318.0,2318.0,2308.0,2306,2306.0,2305.0,2305.0
111004,ROLLO 226 MM X 60 MTS 175 MICRAS,0,0.0,0.0,0.0,142,135.0,135.0,135.0,125,125.0,125.0,125.0,125,125.0,125.0,125,125.0,123.0,123.0,123.0,123,319.0,319.0,317.0,317,317.0,317.0,317.0,314,314.0,310.0,309.0,299.0,299,299.0,285.0,271.0,271,266.0,266.0,266.0,266.0,259,259.0,259.0,259.0,256,256.0,256.0,256.0
111005,ROLLO 226 MM X 60 MTS 250 MICRAS,78,76.0,76.0,75.0,69,46.0,46.0,44.0,44,15.0,14.0,14.0,14,12.0,11.0,11,9.0,0.0,0.0,0.0,0,300.0,274.0,274.0,266,230.0,230.0,230.0,224,221.0,217.0,217.0,217.0,212,194.0,182.0,173.0,173,150.0,150.0,150.0,126.0,121,119.0,119.0,119.0,117,117.0,113.0,113.0
111007,ROLLO 300 MM X 60 MTS 125 MICRAS,0,480.0,452.0,451.0,447,443.0,443.0,441.0,441,441.0,440.0,440.0,440,440.0,439.0,439,435.0,411.0,403.0,403.0,403,391.0,373.0,373.0,373,373.0,370.0,370.0,370,370.0,370.0,368.0,343.0,343,343.0,343.0,342.0,338,338.0,338.0,338.0,338.0,336,316.0,315.0,311.0,301,300.0,298.0,298.0
111008,ROLLO 300 MM X 60 MTS 250 MICRAS,0,296.0,272.0,272.0,272,269.0,267.0,265.0,265,263.0,263.0,263.0,263,262.0,262.0,262,255.0,254.0,251.0,251.0,247,247.0,246.0,246.0,245,221.0,219.0,219.0,219,216.0,216.0,216.0,216.0,216,215.0,215.0,215.0,215,215.0,215.0,215.0,215.0,215,214.0,210.0,208.0,204,202.0,201.0,201.0
111018,ROLLO 350 MM X 60 MTS 250 MICRAS,176,176.0,172.0,172.0,172,170.0,170.0,168.0,166,166.0,166.0,164.0,163,163.0,163.0,163,159.0,159.0,159.0,159.0,159,159.0,159.0,159.0,159,159.0,155.0,155.0,155,155.0,155.0,155.0,155.0,155,155.0,153.0,149.0,149,149.0,149.0,149.0,147.0,147,147.0,147.0,145.0,143,143.0,143.0,143.0
111010,ROLLO 375 MM X 60 MTS 125 MICRAS,0,300.0,300.0,300.0,300,300.0,300.0,300.0,299,299.0,299.0,299.0,299,299.0,299.0,299,299.0,299.0,299.0,299.0,299,399.0,399.0,399.0,399,399.0,399.0,399.0,399,399.0,399.0,399.0,399.0,399,399.0,399.0,399.0,399,399.0,399.0,399.0,399.0,399,399.0,399.0,399.0,399,399.0,399.0,399.0
111013,ROLLO 375 MM X 75 MTS 75 MICRAS MATTE,114,114.0,114.0,114.0,114,114.0,114.0,114.0,114,114.0,114.0,114.0,114,114.0,114.0,114,114.0,114.0,114.0,114.0,114,114.0,114.0,114.0,111,111.0,111.0,111.0,110,110.0,110.0,110.0,110.0,102,102.0,102.0,102.0,102,102.0,102.0,102.0,102.0,102,102.0,102.0,100.0,100,98.0,98.0,98.0
111019,ROLLO 540 MM X 60 MTS 125 MICRAS,0,300.0,300.0,252.0,252,252.0,252.0,252.0,252,252.0,252.0,252.0,252,252.0,252.0,252,252.0,252.0,252.0,252.0,252,252.0,252.0,252.0,252,252.0,252.0,252.0,252,252.0,252.0,252.0,252.0,252,252.0,252.0,252.0,252,252.0,252.0,252.0,252.0,252,252.0,252.0,252.0,252,252.0,252.0,252.0
111020,ROLLO 540 MM X 60 MTS 175 MICRAS,0,300.0,300.0,252.0,252,252.0,252.0,252.0,252,252.0,252.0,252.0,252,252.0,252.0,252,252.0,252.0,252.0,252.0,252,252.0,252.0,252.0,252,252.0,252.0,252.0,252,252.0,252.0,252.0,252.0,252,252.0,252.0,252.0,252,252.0,252.0,252.0,252.0,252,252.0,252.0,252.0,252,252.0,252.0,252.0
111016,ROLLO 680 MM X 60 MTS 125 MICRAS BRILLANTE,0,300.0,296.0,256.0,256,256.0,252.0,251.0,251,251.0,251.0,251.0,251,251.0,251.0,251,225.0,225.0,225.0,225.0,218,318.0,313.0,313.0,313,313.0,313.0,313.0,313,313.0,311.0,311.0,311.0,311,311.0,311.0,311.0,311,311.0,303.0,303.0,303.0,279,269.0,269.0,269.0,265,265.0,265.0,265.0
112001,ROLLO BOPP BRILLANTE 250 MM X 4000 MT 18 MIC,93,92.0,91.0,87.0,84,80.0,77.0,77.0,75,74.0,72.0,69.0,64,60.0,48.0,45,43.0,40.0,33.0,27.0,25,24.0,19.0,12.0,10,61.0,55.0,55.0,55,53.0,48.0,43.0,41.0,39,36.0,35.0,32.0,25,16.0,12.0,10.0,68.0,66,54.0,51.0,48.0,48,45.0,38.0,33.0
112002,ROLLO BOPP BRILLANTE 300 MM X 4000 MT 18 MIC,146,145.0,142.0,137.0,132,131.0,124.0,118.0,116,111.0,108.0,108.0,105,101.0,95.0,93,92.0,88.0,83.0,80.0,77,71.0,68.0,65.0,64,114.0,113.0,113.0,105,104.0,103.0,101.0,100.0,98,95.0,94.0,91.0,84,79.0,75.0,71.0,131.0,126,109.0,109.0,106.0,105,96.0,88.0,86.0
112003,ROLLO BOPP BRILLANTE 330 MM X 200 MT 23 MIC,451,436.0,418.0,418.0,416,405.0,403.0,400.0,389,387.0,357.0,355.0,346,344.0,333.0,333,320.0,320.0,300.0,300.0,292,291.0,260.0,259.0,257,256.0,252.0,252.0,251,231.0,231.0,231.0,224.0,222,217.0,217.0,217.0,203,183.0,183.0,181.0,181.0,181,161.0,155.0,153.0,160,159.0,157.0,157.0
112004,ROLLO BOPP BRILLANTE 330 MM X 500 MT 22 MIC,0,0.0,0.0,0.0,0,0.0,0.0,0.0,0,0.0,0.0,0.0,0,0.0,0.0,0,0.0,0.0,0.0,0.0,0,0.0,0.0,0.0,0,0.0,0.0,0.0,0,0.0,0.0,0.0,0.0,0,0.0,0.0,0.0,0,0.0,0.0,0.0,0.0,0,0.0,0.0,0.0,0,0.0,0.0,0.0
112006,ROLLO BOPP BRILLANTE 345 MM X 4000 MT 18 MIC,132,126.0,121.0,118.0,112,106.0,99.0,95.0,94,82.0,81.0,78.0,74,69.0,184.0,178,175.0,169.0,160.0,153.0,142,134.0,130.0,125.0,123,193.0,183.0,183.0,177,170.0,168.0,163.0,162.0,158,150.0,137.0,124.0,104,98.0,96.0,85.0,140.0,137,120.0,118.0,98.0,95,90.0,76.0,74.0
112026,ROLLO BOPP BRILLANTE 400 MM X 4000 MT 18 MIC,21,21.0,21.0,21.0,19,19.0,15.0,15.0,15,15.0,14.0,13.0,11,11.0,74.0,74,74.0,74.0,73.0,72.0,71,69.0,69.0,68.0,68,96.0,96.0,96.0,96,96.0,96.0,96.0,96.0,93,89.0,88.0,86.0,84,83.0,83.0,83.0,110.0,110,109.0,109.0,107.0,106,106.0,103.0,103.0
112007,ROLLO BOPP BRILLANTE 445 MM X 4000 MT 18 MIC,22,20.0,14.0,13.0,11,8.0,7.0,6.0,6,5.0,3.0,3.0,2,2.0,43.0,40,38.0,32.0,31.0,24.0,21,16.0,13.0,9.0,6,32.0,29.0,29.0,28,27.0,25.0,23.0,20.0,15,12.0,8.0,5.0,65,63.0,63.0,61.0,83.0,78,67.0,62.0,56.0,52,51.0,46.0,46.0
112008,ROLLO BOPP BRILLANTE 495 MM X 4000 MT 18 MIC,282,272.0,264.0,254.0,248,233.0,222.0,206.0,191,183.0,179.0,170.0,165,162.0,132.0,125,110.0,85.0,74.0,64.0,52,32.0,11.0,3.0,3,93.0,72.0,72.0,51,49.0,34.0,31.0,16.0,10,3.0,0.0,0.0,6,4.0,4.0,1.0,58.0,45,11.0,7.0,6.0,3,3.0,3.0,3.0
112028,ROLLO BOPP BRILLANTE 595 MM X 4000 MT 18 MIC,52,52.0,52.0,52.0,52,52.0,52.0,52.0,52,52.0,47.0,47.0,47,47.0,86.0,78,75.0,71.0,71.0,67.0,67,66.0,64.0,64.0,62,62.0,62.0,62.0,60,60.0,60.0,59.0,58.0,58,56.0,56.0,56.0,74,74.0,74.0,74.0,61.0,59,54.0,44.0,44.0,38,37.0,37.0,37.0
112009,ROLLO BOPP BRILLANTE 695 MM X 4000 MT 18 MIC,32,32.0,20.0,13.0,8,3.0,3.0,3.0,3,3.0,3.0,3.0,3,3.0,4.0,3,3.0,2.0,2.0,2.0,2,2.0,2.0,2.0,2,40.0,32.0,32.0,32,32.0,32.0,32.0,32.0,29,26.0,21.0,20.0,47,34.0,34.0,34.0,64.0,59,59.0,52.0,40.0,38,37.0,31.0,31.0
112024,ROLLO BOPP MATE 200 MM X 4000 MT 18 MIC,81,81.0,81.0,80.0,74,74.0,61.0,61.0,61,61.0,61.0,55.0,55,54.0,54.0,50,50.0,47.0,46.0,46.0,43,43.0,43.0,43.0,43,99.0,99.0,99.0,97,94.0,94.0,93.0,90.0,89,85.0,83.0,83.0,80,79.0,79.0,78.0,118.0,115,108.0,105.0,97.0,95,95.0,91.0,91.0
112010,ROLLO BOPP MATE 250 MM X 4000 MT 18 MIC,148,148.0,148.0,141.0,132,128.0,115.0,114.0,113,102.0,101.0,98.0,91,89.0,154.0,151,150.0,145.0,142.0,139.0,136,131.0,126.0,121.0,117,148.0,140.0,140.0,137,132.0,129.0,127.0,119.0,114,109.0,102.0,101.0,88,87.0,87.0,79.0,139.0,115,107.0,104.0,98.0,82,81.0,68.0,71.0
112011,ROLLO BOPP MATE 300 MM X 4000 MT 18 MIC,159,158.0,158.0,153.0,147,142.0,133.0,124.0,123,110.0,109.0,103.0,98,97.0,157.0,154,145.0,139.0,138.0,136.0,131,131.0,128.0,125.0,120,116.0,112.0,112.0,106,102.0,102.0,99.0,89.0,87,82.0,80.0,79.0,115,106.0,105.0,102.0,98.0,93,84.0,81.0,71.0,63,60.0,52.0,52.0
112012,ROLLO BOPP MATE 330 MM X 200 MT 23 MIC,464,464.0,452.0,448.0,444,428.0,428.0,425.0,413,410.0,408.0,408.0,411,408.0,398.0,397,395.0,389.0,373.0,373.0,371,371.0,345.0,325.0,325,324.0,323.0,323.0,317,317.0,316.0,316.0,313.0,307,305.0,305.0,305.0,293,276.0,275.0,273.0,272.0,272,270.0,265.0,264.0,246,245.0,242.0,242.0
112021,ROLLO BOPP MATE 330 MM X 4000 MT 18 MIC,53,52.0,51.0,48.0,47,46.0,38.0,35.0,33,27.0,26.0,23.0,18,17.0,12.0,6,6.0,6.0,6.0,6.0,6,6.0,6.0,6.0,5,5.0,5.0,5.0,5,5.0,5.0,4.0,4.0,4,4.0,4.0,4.0,51,45.0,40.0,37.0,92.0,90,89.0,89.0,86.0,83,83.0,76.0,76.0
112013,ROLLO BOPP MATE 330 MM X 500 MT 22 MIC,160,159.0,157.0,157.0,156,156.0,156.0,156.0,156,156.0,156.0,155.0,155,155.0,155.0,155,155.0,154.0,152.0,152.0,148,148.0,148.0,147.0,147,147.0,147.0,147.0,146,146.0,146.0,146.0,146.0,146,146.0,146.0,144.0,144,144.0,144.0,142.0,142.0,142,142.0,142.0,138.0,137,137.0,137.0,137.0
112015,ROLLO BOPP MATE 345 MM X 4000 MT 18 MIC,38,38.0,38.0,29.0,15,6.0,0.0,0.0,0,0.0,0.0,0.0,0,0.0,51.0,46,33.0,18.0,8.0,6.0,5,4.0,3.0,2.0,1,98.0,86.0,86.0,72,57.0,54.0,50.0,38.0,34,25.0,15.0,9.0,100,93.0,82.0,63.0,158.0,140,125.0,120.0,100.0,80,74.0,60.0,55.0
112025,ROLLO BOPP MATE 400 MM X 4000 MT 18 MIC,18,18.0,16.0,14.0,12,5.0,5.0,5.0,5,5.0,3.0,3.0,3,3.0,54.0,53,36.0,35.0,28.0,28.0,28,27.0,27.0,27.0,27,60.0,59.0,59.0,57,53.0,53.0,51.0,50.0,46,40.0,39.0,39.0,75,70.0,69.0,69.0,43.0,35,30.0,29.0,27.0,6,5.0,4.0,4.0
112016,ROLLO BOPP MATE 445 MM X 4000 MT 18 MIC,0,0.0,0.0,0.0,0,0.0,0.0,0.0,0,0.0,0.0,0.0,0,0.0,74.0,62,44.0,35.0,32.0,29.0,26,24.0,23.0,20.0,19,11.0,8.0,8.0,3,3.0,3.0,2.0,1.0,1,1.0,1.0,0.0,28,19.0,17.0,7.0,17.0,10,8.0,5.0,3.0,1,1.0,0.0,0.0
112030,ROLLO BOPP MATE 495 MM X 2000 MT 18 MIC,0,0.0,0.0,0.0,0,0.0,0.0,0.0,0,0.0,0.0,0.0,0,0.0,0.0,0,0.0,0.0,0.0,0.0,0,0.0,0.0,0.0,0,0.0,0.0,0.0,0,0.0,0.0,0.0,0.0,0,0.0,0.0,0.0,0,0.0,0.0,0.0,0.0,0,0.0,0.0,0.0,0,0.0,0.0,0.0
112017,ROLLO BOPP MATE 495 MM X 4000 MT 18 MIC,136,131.0,114.0,94.0,67,52.0,14.0,6.0,5,1.0,1.0,1.0,0,0.0,129.0,110,75.0,41.0,17.0,8.0,6,6.0,6.0,3.0,3,235.0,210.0,210.0,180,174.0,164.0,148.0,117.0,96,82.0,55.0,40.0,190,155.0,141.0,121.0,280.0,252,230.0,217.0,191.0,157,149.0,109.0,107.0
112018,ROLLO BOPP MATE 595 MM X 4000 MT 18 MIC,8,8.0,8.0,6.0,5,5.0,4.0,4.0,3,3.0,2.0,2.0,2,2.0,28.0,26,5.0,5.0,3.0,2.0,2,2.0,2.0,2.0,0,35.0,30.0,30.0,23,22.0,22.0,22.0,21.0,20,20.0,5.0,1.0,42,25.0,21.0,10.0,50.0,43,40.0,39.0,34.0,33,33.0,29.0,24.0
112019,ROLLO BOPP MATE 695 MM X 3000 MT 18 MIC,72,72.0,68.0,67.0,65,60.0,55.0,52.0,51,48.0,47.0,44.0,43,41.0,51.0,49,14.0,14.0,13.0,1.0,0,0.0,0.0,0.0,0,36.0,25.0,25.0,24,23.0,19.0,2.0,2.0,2,2.0,1.0,1.0,30,17.0,15.0,3.0,49.0,31,22.0,14.0,3.0,0,0.0,0.0,0.0
112020,ROLLO HOLOGRAFICO 495 MM X 1500 MT 24 MIC,188,188.0,187.0,187.0,187,186.0,185.0,185.0,185,185.0,185.0,185.0,184,184.0,183.0,183,183.0,182.0,182.0,181.0,180,180.0,179.0,178.0,178,178.0,177.0,177.0,177,176.0,176.0,175.0,175.0,175,175.0,171.0,170.0,162,161.0,160.0,156.0,154.0,151,146.0,139.0,117.0,116,116.0,112.0,112.0
112022,ROLLO METALIZADO DORADO 495 MM X 1000 MT 22 MIC,92,92.0,92.0,92.0,92,91.0,91.0,91.0,91,91.0,91.0,91.0,91,91.0,91.0,91,90.0,89.0,89.0,89.0,89,89.0,88.0,88.0,88,88.0,77.0,77.0,76,75.0,75.0,75.0,75.0,75,73.0,72.0,72.0,72,72.0,72.0,72.0,72.0,72,71.0,68.0,68.0,68,67.0,67.0,67.0
112023,ROLLO METALIZADO PLATA 495 MM X 1000 MT 22 MIC,105,105.0,102.0,102.0,102,102.0,101.0,101.0,101,101.0,101.0,95.0,95,94.0,94.0,99,96.0,95.0,94.0,93.0,93,92.0,91.0,91.0,91,91.0,88.0,88.0,80,79.0,79.0,79.0,77.0,76,76.0,73.0,73.0,73,73.0,73.0,73.0,71.0,67,63.0,63.0,61.0,56,51.0,49.0,49.0
112027,ROLLO PIEL DURAZNO 495 MM X 200 MT 28 MIC,55,55.0,53.0,53.0,53,50.0,50.0,50.0,48,48.0,48.0,48.0,47,47.0,47.0,47,47.0,46.0,41.0,39.0,39,39.0,39.0,37.0,34,34.0,33.0,33.0,31,31.0,28.0,25.0,25.0,23,21.0,19.0,14.0,9,8.0,8.0,3.0,0.0,0,0.0,0.0,0.0,0,0.0,0.0,0.0
112005,ROLLO SUPERBONDING BRILLANTE 330 MM X 500 MT 30 MIC,50,50.0,46.0,46.0,42,42.0,42.0,42.0,42,42.0,42.0,41.0,41,41.0,41.0,41,40.0,40.0,40.0,39.0,39,38.0,38.0,38.0,38,38.0,37.0,37.0,37,36.0,35.0,35.0,35.0,35,35.0,35.0,35.0,34,34.0,34.0,34.0,34.0,34,34.0,34.0,32.0,29,29.0,29.0,29.0
112014,ROLLO SUPERBONDING MATE 330 MM X 500 MT 30 MIC,0,0.0,0.0,0.0,0,0.0,0.0,0.0,0,0.0,0.0,0.0,0,0.0,0.0,0,0.0,0.0,0.0,0.0,0,0.0,0.0,0.0,0,0.0,0.0,0.0,0,0.0,0.0,0.0,0.0,0,0.0,0.0,0.0,0,0.0,0.0,0.0,0.0,0,0.0,0.0,0.0,0,0.0,0.0,0.0
122041,TIRA 2.1 X 64 LOOPS  12MM CAJA X 540 BLANCO,32,28.0,28.0,28.0,28,27.0,27.0,27.0,26,24.0,22.0,21.0,18,18.0,18.0,17,17.0,16.0,16.0,13.0,13,93.0,93.0,93.0,93,93.0,93.0,93.0,91,131.0,131.0,131.0,131.0,131,131.0,130.0,130.0,129,129.0,126.0,118.0,117.0,112,110.0,107.0,106.0,101,98.0,97.0,96.0
122042,TIRA 2.1 X 64 LOOPS  12MM CAJA X 540 NEGRO,82,81.0,81.0,80.0,80,78.0,78.0,78.0,77,77.0,77.0,76.0,73,73.0,73.0,72,72.0,71.0,71.0,71.0,71,71.0,71.0,71.0,71,71.0,71.0,71.0,70,90.0,90.0,90.0,90.0,90,90.0,90.0,90.0,90,90.0,89.0,89.0,88.0,88,86.0,86.0,86.0,85,83.0,83.0,83.0
122043,TIRA 2.1 X 64 LOOPS  12MM CAJA X 540 PLATA,56,56.0,56.0,56.0,56,56.0,56.0,56.0,56,56.0,56.0,56.0,56,56.0,56.0,56,56.0,56.0,56.0,56.0,56,56.0,56.0,56.0,56,56.0,56.0,56.0,56,56.0,56.0,56.0,56.0,56,56.0,56.0,56.0,56,56.0,56.0,56.0,56.0,56,45.0,45.0,45.0,45,45.0,45.0,45.0
122044,TIRA 2.1 X 64 LOOPS  14MM CAJA X 384 BLANCO,3,3.0,3.0,3.0,2,2.0,2.0,1.0,1,1.0,0.0,0.0,0,0.0,0.0,0,0.0,0.0,0.0,0.0,0,73.0,71.0,71.0,71,70.0,60.0,60.0,45,84.0,84.0,83.0,78.0,32,3.0,3.0,2.0,2,1.0,1.0,1.0,1.0,1,1.0,1.0,1.0,1,1.0,1.0,1.0
122045,TIRA 2.1 X 64 LOOPS  14MM CAJA X 384 NEGRO,49,49.0,43.0,43.0,41,21.0,20.0,20.0,20,20.0,19.0,19.0,9,9.0,9.0,9,9.0,8.0,8.0,8.0,8,48.0,48.0,48.0,47,47.0,47.0,47.0,45,44.0,44.0,43.0,41.0,40,40.0,40.0,40.0,40,40.0,38.0,38.0,38.0,38,38.0,38.0,37.0,37,37.0,37.0,37.0
122046,TIRA 2.1 X 64 LOOPS  14MM CAJA X 384 PLATA,17,17.0,17.0,19.0,19,19.0,18.0,18.0,18,5.0,5.0,5.0,5,5.0,5.0,5,5.0,5.0,5.0,5.0,5,5.0,5.0,5.0,5,5.0,5.0,5.0,5,35.0,35.0,35.0,35.0,35,35.0,35.0,35.0,35,35.0,35.0,29.0,29.0,29,29.0,29.0,17.0,17,17.0,17.0,17.0
122047,TIRA 2.1 X 64 LOOPS  16MM CAJA X 308 BLANCO,205,204.0,201.0,191.0,190,185.0,185.0,175.0,169,162.0,159.0,152.0,150,149.0,134.0,131,130.0,127.0,121.0,116.0,115,105.0,102.0,102.0,101,95.0,91.0,91.0,80,156.0,154.0,151.0,150.0,143,139.0,134.0,123.0,122,120.0,118.0,114.0,94.0,87,79.0,76.0,60.0,53,34.0,24.0,22.0
122048,TIRA 2.1 X 64 LOOPS  16MM CAJA X 308 BRONCE,43,43.0,42.0,39.0,39,38.0,38.0,38.0,38,38.0,38.0,32.0,32,32.0,32.0,32,31.0,31.0,31.0,31.0,31,31.0,31.0,31.0,31,31.0,31.0,31.0,31,31.0,31.0,31.0,31.0,30,30.0,30.0,30.0,30,30.0,30.0,30.0,30.0,30,28.0,28.0,28.0,26,23.0,23.0,23.0
122049,TIRA 2.1 X 64 LOOPS  16MM CAJA X 308 NEGRO,146,142.0,141.0,141.0,141,141.0,140.0,140.0,135,135.0,133.0,133.0,133,132.0,132.0,131,131.0,129.0,125.0,125.0,125,123.0,123.0,123.0,122,121.0,121.0,121.0,120,137.0,137.0,136.0,134.0,131,127.0,125.0,120.0,120,120.0,120.0,119.0,118.0,118,116.0,115.0,114.0,113,113.0,112.0,112.0
122050,TIRA 2.1 X 64 LOOPS  16MM CAJA X 308 PLATA,25,25.0,25.0,22.0,22,22.0,21.0,21.0,21,21.0,21.0,21.0,22,22.0,22.0,22,22.0,22.0,21.0,21.0,21,61.0,61.0,61.0,60,60.0,60.0,60.0,54,54.0,54.0,52.0,52.0,51,51.0,51.0,51.0,31,31.0,31.0,28.0,28.0,27,24.0,24.0,22.0,22,22.0,22.0,21.0
122051,TIRA 2.1 X 64 LOOPS  19MM CAJA X 252 BLANCO,93,91.0,81.0,77.0,69,62.0,38.0,29.0,27,23.0,20.0,12.0,9,9.0,8.0,3,3.0,0.0,0.0,0.0,0,57.0,56.0,56.0,51,50.0,50.0,50.0,41,137.0,133.0,133.0,132.0,127,125.0,115.0,108.0,107,106.0,106.0,102.0,79.0,68,57.0,52.0,27.0,11,4.0,0.0,0.0
122052,TIRA 2.1 X 64 LOOPS  19MM CAJA X 252 BRONCE,30,30.0,29.0,29.0,29,29.0,29.0,29.0,29,28.0,28.0,28.0,28,28.0,28.0,28,28.0,27.0,27.0,27.0,27,27.0,27.0,27.0,27,27.0,27.0,27.0,26,24.0,24.0,24.0,24.0,23,23.0,22.0,19.0,18,18.0,18.0,18.0,16.0,14,12.0,12.0,12.0,9,9.0,9.0,9.0
122053,TIRA 2.1 X 64 LOOPS  19MM CAJA X 252 NEGRO,76,72.0,67.0,67.0,66,63.0,59.0,51.0,51,46.0,45.0,45.0,44,42.0,41.0,35,35.0,35.0,33.0,33.0,33,71.0,71.0,71.0,68,66.0,65.0,65.0,61,79.0,79.0,79.0,74.0,68,68.0,68.0,66.0,61,60.0,58.0,57.0,57.0,57,56.0,56.0,52.0,36,35.0,29.0,25.0
122054,TIRA 2.1 X 64 LOOPS  19MM CAJA X 252 PLATA,48,48.0,45.0,45.0,45,42.0,42.0,42.0,42,41.0,41.0,40.0,39,39.0,39.0,39,39.0,39.0,39.0,39.0,39,38.0,37.0,37.0,37,37.0,37.0,37.0,35,35.0,35.0,35.0,35.0,35,35.0,35.0,35.0,34,34.0,34.0,34.0,34.0,18,16.0,16.0,13.0,9,8.0,7.0,7.0
122055,TIRA 2.1 X 64 LOOPS  22MM CAJA X 192 BLANCO,48,46.0,45.0,45.0,45,41.0,31.0,28.0,27,25.0,25.0,24.0,24,24.0,23.0,23,23.0,23.0,21.0,21.0,20,60.0,60.0,60.0,60,60.0,60.0,60.0,56,86.0,86.0,86.0,84.0,83,83.0,83.0,81.0,80,80.0,78.0,77.0,75.0,71,64.0,64.0,59.0,53,52.0,45.0,42.0
122056,TIRA 2.1 X 64 LOOPS  22MM CAJA X 192 BRONCE,30,30.0,30.0,30.0,30,30.0,30.0,30.0,30,30.0,30.0,30.0,30,30.0,30.0,30,30.0,30.0,29.0,29.0,29,29.0,29.0,29.0,29,29.0,29.0,29.0,28,28.0,28.0,28.0,26.0,20,20.0,20.0,20.0,20,18.0,18.0,18.0,17.0,17,17.0,17.0,17.0,17,17.0,17.0,17.0
122057,TIRA 2.1 X 64 LOOPS  22MM CAJA X 192 NEGRO,59,59.0,59.0,58.0,58,54.0,48.0,48.0,48,32.0,31.0,31.0,21,11.0,11.0,10,7.0,7.0,5.0,5.0,5,5.0,5.0,5.0,3,3.0,3.0,3.0,3,23.0,23.0,23.0,21.0,19,19.0,19.0,19.0,19,19.0,19.0,19.0,19.0,19,17.0,17.0,14.0,12,12.0,10.0,10.0
122058,TIRA 2.1 X 64 LOOPS  22MM CAJA X 192 PLATA,32,32.0,32.0,31.0,31,31.0,31.0,31.0,31,29.0,29.0,29.0,29,29.0,29.0,29,29.0,29.0,29.0,29.0,29,29.0,27.0,27.0,27,27.0,27.0,27.0,26,26.0,26.0,26.0,26.0,26,26.0,26.0,26.0,26,22.0,22.0,22.0,19.0,19,19.0,19.0,19.0,18,18.0,18.0,18.0
122059,TIRA 2.1 X 64 LOOPS  25MM CAJA X 140 BLANCO,57,57.0,56.0,56.0,54,54.0,54.0,54.0,54,54.0,54.0,54.0,54,54.0,52.0,52,52.0,52.0,52.0,52.0,52,82.0,82.0,81.0,81,81.0,81.0,81.0,71,91.0,91.0,91.0,91.0,91,91.0,91.0,91.0,89,86.0,86.0,86.0,86.0,84,84.0,83.0,81.0,78,74.0,74.0,74.0
122077,TIRA 2.1 X 64 LOOPS  25MM CAJA X 140 BRONCE,17,17.0,17.0,17.0,17,17.0,17.0,17.0,17,17.0,17.0,17.0,17,17.0,17.0,17,17.0,17.0,17.0,17.0,17,17.0,17.0,17.0,17,17.0,17.0,17.0,17,16.0,16.0,16.0,16.0,16,16.0,16.0,15.0,11,11.0,11.0,11.0,11.0,11,11.0,9.0,9.0,9,9.0,7.0,7.0
122060,TIRA 2.1 X 64 LOOPS  25MM CAJA X 140 NEGRO,65,65.0,61.0,61.0,61,53.0,53.0,52.0,50,50.0,50.0,50.0,50,50.0,50.0,50,50.0,50.0,50.0,50.0,50,50.0,50.0,50.0,50,50.0,50.0,50.0,40,40.0,40.0,40.0,40.0,39,39.0,39.0,39.0,37,36.0,34.0,34.0,34.0,34,34.0,34.0,34.0,34,33.0,33.0,33.0
122061,TIRA 2.1 X 64 LOOPS  25MM CAJA X 140 PLATA,33,33.0,33.0,33.0,33,33.0,33.0,33.0,33,33.0,33.0,33.0,33,33.0,33.0,33,33.0,33.0,33.0,33.0,33,28.0,26.0,26.0,25,23.0,23.0,23.0,22,22.0,20.0,20.0,20.0,20,17.0,17.0,17.0,17,14.0,14.0,14.0,11.0,11,11.0,11.0,11.0,10,10.0,10.0,10.0
122062,TIRA 2.1 X 64 LOOPS  28MM CAJA X 96 BLANCO,77,77.0,77.0,77.0,77,77.0,77.0,77.0,77,77.0,77.0,77.0,77,77.0,77.0,77,77.0,77.0,77.0,77.0,77,77.0,77.0,77.0,77,77.0,77.0,77.0,77,77.0,77.0,77.0,77.0,77,77.0,77.0,77.0,77,77.0,77.0,77.0,77.0,77,77.0,77.0,75.0,75,75.0,75.0,75.0
122063,TIRA 2.1 X 64 LOOPS  28MM CAJA X 96 NEGRO,54,54.0,49.0,49.0,49,49.0,49.0,49.0,49,49.0,49.0,49.0,49,49.0,49.0,49,49.0,49.0,49.0,49.0,49,49.0,49.0,49.0,49,49.0,49.0,49.0,49,49.0,49.0,49.0,49.0,49,49.0,49.0,49.0,48,48.0,48.0,48.0,48.0,48,48.0,48.0,48.0,48,48.0,48.0,48.0
122064,TIRA 2.1 X 64 LOOPS  28MM CAJA X 96 PLATA,60,60.0,60.0,60.0,56,56.0,60.0,60.0,60,60.0,60.0,60.0,60,60.0,60.0,60,60.0,60.0,60.0,60.0,60,60.0,60.0,60.0,60,60.0,60.0,60.0,60,60.0,60.0,60.0,60.0,60,60.0,60.0,60.0,58,58.0,58.0,58.0,58.0,58,58.0,58.0,58.0,58,58.0,58.0,58.0
122065,TIRA 2.1 X 64 LOOPS  32MM CAJA X 96 BLANCO,80,80.0,80.0,80.0,80,80.0,80.0,80.0,80,80.0,80.0,80.0,80,80.0,79.0,79,79.0,79.0,79.0,79.0,79,79.0,79.0,79.0,75,75.0,71.0,71.0,70,70.0,70.0,70.0,68.0,67,67.0,67.0,67.0,67,65.0,65.0,65.0,65.0,65,65.0,65.0,65.0,65,60.0,59.0,58.0
122066,TIRA 2.1 X 64 LOOPS  32MM CAJA X 96 NEGRO,39,39.0,39.0,39.0,39,39.0,39.0,39.0,39,39.0,37.0,37.0,37,37.0,37.0,37,37.0,37.0,37.0,37.0,37,37.0,37.0,37.0,37,37.0,37.0,37.0,37,57.0,57.0,57.0,57.0,56,56.0,56.0,56.0,55,48.0,48.0,48.0,48.0,48,48.0,48.0,48.0,47,47.0,47.0,47.0
122067,TIRA 2.1 X 64 LOOPS  32MM CAJA X 96 PLATA,29,29.0,29.0,29.0,29,29.0,29.0,29.0,29,29.0,29.0,29.0,29,29.0,29.0,29,29.0,29.0,29.0,29.0,29,29.0,29.0,29.0,29,29.0,29.0,29.0,29,29.0,29.0,29.0,29.0,29,29.0,29.0,29.0,29,29.0,29.0,29.0,29.0,29,29.0,29.0,29.0,29,29.0,29.0,29.0
131008,VARILLA MEDIA LUNA  10 CM X 100 BLANCO,2061,2052.0,2051.0,2051.0,2051,2051.0,2051.0,2051.0,2051,2051.0,2051.0,2051.0,2051,2051.0,2051.0,2051,2051.0,2051.0,2051.0,2051.0,2051,2051.0,2051.0,2051.0,2051,2051.0,2051.0,2051.0,2051,2051.0,2051.0,2051.0,2051.0,2051,2051.0,2051.0,2051.0,2051,2051.0,2051.0,2051.0,2051.0,2051,2050.0,2050.0,2050.0,2007,2007.0,2001.0,2001.0
131007,VARILLA MEDIA LUNA  10 CM X 100 NEGRO,851,831.0,825.0,824.0,824,824.0,824.0,824.0,824,824.0,824.0,824.0,824,824.0,824.0,824,824.0,824.0,824.0,824.0,824,824.0,824.0,824.0,824,824.0,824.0,824.0,824,824.0,824.0,824.0,824.0,824,824.0,824.0,824.0,754,754.0,754.0,754.0,754.0,754,751.0,748.0,672.0,692,692.0,692.0,692.0
131010,VARILLA MEDIA LUNA  15 CM X 100 BLANCO,620,565.0,564.0,564.0,564,564.0,564.0,564.0,564,564.0,564.0,564.0,564,564.0,564.0,564,564.0,564.0,564.0,564.0,564,564.0,564.0,564.0,564,564.0,564.0,564.0,564,564.0,564.0,563.0,563.0,493,493.0,493.0,493.0,476,476.0,475.0,475.0,475.0,475,460.0,448.0,337.0,294,97.0,77.0,74.0
131009,VARILLA MEDIA LUNA  15 CM X 100 NEGRO,341,391.0,390.0,390.0,390,390.0,390.0,390.0,390,390.0,390.0,390.0,390,390.0,390.0,390,390.0,390.0,390.0,390.0,390,390.0,390.0,390.0,390,390.0,390.0,390.0,390,390.0,390.0,390.0,390.0,390,390.0,390.0,390.0,380,380.0,380.0,380.0,380.0,340,330.0,330.0,330.0,330,330.0,329.0,329.0
131033,VARILLA MEDIA LUNA  20 CM X 100 BLANCO,1,1.0,0.0,0.0,0,0.0,0.0,0.0,0,0.0,0.0,0.0,0,0.0,0.0,0,0.0,0.0,0.0,0.0,0,0.0,0.0,0.0,0,0.0,0.0,0.0,0,0.0,0.0,0.0,0.0,0,0.0,0.0,0.0,0,0.0,0.0,0.0,0.0,0,0.0,0.0,0.0,0,0.0,0.0,0.0
131034,VARILLA MEDIA LUNA  20 CM X 100 NEGRO,305,305.0,304.0,304.0,304,304.0,304.0,304.0,304,304.0,304.0,304.0,304,304.0,304.0,304,304.0,304.0,304.0,304.0,304,304.0,304.0,304.0,304,304.0,304.0,304.0,304,304.0,304.0,304.0,304.0,304,304.0,304.0,304.0,304,239.0,239.0,199.0,199.0,199,199.0,199.0,199.0,199,199.0,199.0,199.0
131017,YOYO ORIGINAL CAJA X 50 AMARILLO,35,35.0,35.0,35.0,35,35.0,35.0,35.0,35,35.0,35.0,35.0,35,35.0,35.0,35,35.0,35.0,34.0,34.0,34,34.0,34.0,34.0,34,34.0,34.0,34.0,34,34.0,34.0,34.0,34.0,34,34.0,34.0,34.0,34,34.0,34.0,34.0,34.0,34,34.0,34.0,34.0,34,26.0,26.0,26.0
131018,YOYO ORIGINAL CAJA X 50 AZUL,1045,1045.0,1043.0,1043.0,1043,1003.0,1003.0,983.0,983,983.0,983.0,983.0,983,983.0,973.0,973,943.0,939.0,934.0,934.0,894,892.0,892.0,892.0,892,892.0,892.0,892.0,884,884.0,882.0,882.0,882.0,870,840.0,840.0,838.0,838,838.0,838.0,798.0,798.0,798,798.0,798.0,798.0,798,794.0,794.0,794.0
131019,YOYO ORIGINAL CAJA X 50 BLANCO,1525,1525.0,1523.0,1523.0,1483,1483.0,1483.0,1383.0,1383,1377.0,1377.0,1357.0,1357,1357.0,1345.0,1345,1285.0,1245.0,1244.0,1244.0,1204,1198.0,1198.0,1196.0,1186,1186.0,1186.0,1186.0,1184,1184.0,1184.0,1184.0,1184.0,1124,1124.0,1124.0,1124.0,1124,1124.0,1084.0,1024.0,1024.0,1024,1024.0,1022.0,1022.0,1022,1012.0,1012.0,1012.0
131020,YOYO ORIGINAL CAJA X 50 NEGRO,886,886.0,886.0,886.0,880,880.0,880.0,880.0,880,879.0,879.0,879.0,879,879.0,874.0,874,874.0,874.0,873.0,873.0,873,869.0,869.0,869.0,869,869.0,869.0,869.0,867,867.0,867.0,867.0,863.0,857,857.0,837.0,835.0,835,835.0,835.0,833.0,833.0,833,833.0,833.0,833.0,833,823.0,823.0,823.0
131021,YOYO ORIGINAL CAJA X 50 ROJO,24,24.0,24.0,24.0,24,24.0,23.0,15.0,15,14.0,14.0,4.0,4,4.0,4.0,4,4.0,4.0,3.0,3.0,3,1.0,1.0,1.0,1,1.0,1.0,1.0,0,0.0,0.0,0.0,0.0,0,0.0,0.0,0.0,0,0.0,0.0,0.0,0.0,0,0.0,0.0,0.0,0,0.0,0.0,0.0
131022,YOYO ORIGINAL CAJA X 50 VERDE,218,218.0,218.0,218.0,218,218.0,218.0,210.0,210,210.0,210.0,200.0,200,200.0,200.0,200,200.0,200.0,199.0,199.0,199,197.0,197.0,197.0,197,197.0,197.0,197.0,196,196.0,196.0,196.0,196.0,190,190.0,190.0,186.0,186,186.0,186.0,186.0,186.0,186,186.0,186.0,186.0,186,186.0,186.0,186.0
