,,Enero,,,Febrero,,,,Marzo,,,,Abril,,,,Mayo,,,,,Junio,,,,Julio,,,,Agosto,,,,,Septiembre,,,,Octubre,,,,Novimbre,,,,,Diciembre,,
COD PROD,PRODUCTO,12,19.0,26.0,2,9.0,16.0,23.0,1,8.0,15.0,22.0,5,12.0,19.0,26.0,3,10.0,17.0,24.0,31.0,7,14.0,21.0,28.0,5,12.0,19.0,26.0,2,9.0,16.0,23.0,30.0,6,13.0,20.0,27.0,4,11.0,18.0,25.0,1,8.0,15.0,22.0,29.0,6,13.0,20.0
131012,ACETATOS CARTA PAQ X 50,2286,2286.0,2276.0,2036,1995.0,1595.0,1595.0,1196,1196.0,1196.0,1196.0,1174,1109.0,837.0,835.0,835,829.0,797.0,755.0,735.0,735,723.0,701.0,701.0,701,647.0,536.0,521.0,501,489.0,488.0,375.0,0.0,0,0.0,0.0,0.0,0,0.0,0.0,0.0,0,0.0,0.0,0.0,0.0,0,0.0,0.0
113001,BOLSILLO CARNET 60 X 90 MM 175 MIC CAJA X 100,631,629.0,629.0,628,578.0,563.0,543.0,343,343.0,343.0,341.0,340,125.0,0.0,0.0,0,0.0,0.0,0.0,0.0,0,0.0,0.0,0.0,0,0.0,0.0,0.0,0,0.0,0.0,0.0,0.0,0,0.0,0.0,0.0,0,0.0,0.0,0.0,0,0.0,0.0,0.0,0.0,0,0.0,0.0
113005,BOLSILLO CARTA 225MM X 288MM 125 MIC CAJA X 100,9668,9207.0,8919.0,8785,8526.0,8386.0,8061.0,7792,7618.0,7270.0,7115.0,6782,6431.0,5971.0,5688.0,5256,5062.0,4777.0,10794.0,10668.0,9916,13296.0,13105.0,12505.0,12343,12224.0,11940.0,11508.0,11418,11282.0,11116.0,10684.0,10462.0,10198,10136.0,9948.0,9788.0,9599,9524.0,9148.0,8957.0,8862,8662.0,8613.0,8588.0,8518.0,8017,7853.0,7785.0
113006,BOLSILLO CARTA 225MM X 288MM 175 MIC CAJA X 100,1575,1443.0,1421.0,1387,1361.0,1188.0,1164.0,1084,1073.0,1066.0,1059.0,1054,935.0,933.0,875.0,825,823.0,813.0,813.0,808.0,796,1795.0,1795.0,1775.0,1774,1720.0,1684.0,1672.0,1608,1587.0,1572.0,1540.0,1468.0,1458,1447.0,1376.0,1350.0,1337,1337.0,1337.0,1310.0,1310,1283.0,1283.0,1272.0,1251.0,1240,1233.0,1229.0
113007,BOLSILLO CARTA 225MM X 288MM 250 MIC CAJA X 50,2782,2725.0,2710.0,2684,2674.0,2660.0,2569.0,2491,2450.0,2201.0,2174.0,2039,2003.0,1962.0,1950.0,1930,1928.0,1908.0,1875.0,1857.0,1847,2825.0,2798.0,2765.0,2739,2725.0,2703.0,2673.0,2607,2597.0,2556.0,2532.0,2459.0,2423,2345.0,2302.0,2192.0,2170,2134.0,2134.0,2114.0,2094,2092.0,2062.0,1991.0,1966.0,1858,1777.0,1752.0
113002,BOLSILLO CEDULA 70 X 100 MM 175 MIC CAJA X 100,8853,8854.0,8789.0,8762,8582.0,8526.0,8406.0,7956,7926.0,7921.0,7570.0,7459,7119.0,6864.0,6864.0,6694,6622.0,6577.0,11517.0,11446.0,10966,10666.0,10270.0,9970.0,9920,9487.0,9407.0,9162.0,9140,8680.0,8630.0,8549.0,8349.0,8273,8153.0,8153.0,8092.0,7962,7962.0,7962.0,7944.0,7944,7894.0,7884.0,7854.0,7824.0,7824,7822.0,7520.0
113008,BOLSILLO OFICIO 225MM X 337MM 125 MIC CAJA X 100,2359,2209.0,2106.0,1973,1732.0,1667.0,1487.0,1341,1163.0,1101.0,1080.0,1017,967.0,812.0,798.0,573,511.0,480.0,2449.0,2388.0,2097,4935.0,4760.0,4628.0,4628,4460.0,4262.0,4171.0,4124,4083.0,4049.0,4000.0,3834.0,3658,3518.0,3492.0,3462.0,3321,3260.0,3097.0,3077.0,3036,3006.0,2992.0,2856.0,2822.0,2601,2508.0,2505.0
113011,BOLSILLO OFICIO 225MM X 337MM 175 MIC CAJA X 100,0,0.0,0.0,0,0.0,0.0,0.0,0,0.0,0.0,0.0,0,0.0,0.0,0.0,0,0.0,0.0,0.0,0.0,0,0.0,0.0,0.0,0,0.0,0.0,0.0,0,0.0,0.0,0.0,0.0,0,0.0,0.0,0.0,0,0.0,0.0,0.0,0,0.0,0.0,0.0,0.0,0,0.0,0.0
113003,BOLSILLO TARJETA PROPIEDAD 80 X 110 MM 175 MIC CAJA X 100,6261,6212.0,6177.0,6176,6006.0,5861.0,5741.0,5290,5239.0,5239.0,5185.0,5185,5150.0,5148.0,5098.0,4928,4884.0,4854.0,6844.0,6732.0,6642,6622.0,6467.0,6467.0,6417,6317.0,6306.0,6081.0,6021,5881.0,5811.0,5680.0,5629.0,5499,5499.0,5249.0,5219.0,5209,5209.0,5179.0,5128.0,5098,5098.0,5098.0,4998.0,4998.0,4997,4877.0,4825.0
121009,CARATULA CARTA GRAIN PAQ X 50 AZUL,3259,3238.0,3238.0,3230,3229.0,3209.0,3209.0,3156,3155.0,3154.0,3154.0,3154,3153.0,3153.0,3153.0,3153,3153.0,3153.0,3153.0,3153.0,3153,3153.0,3153.0,3153.0,3153,3147.0,3147.0,3147.0,3147,3147.0,3147.0,3123.0,3123.0,3123,3123.0,3123.0,3103.0,3103,3103.0,3103.0,3063.0,3063,3063.0,3063.0,3043.0,3043.0,3043,3043.0,3043.0
121034,CARATULA CARTA STRIPE PAQ X 50 AMARILLO,2022,2012.0,2009.0,2005,1965.0,1920.0,1880.0,1809,1795.0,1781.0,1761.0,1759,1737.0,1723.0,1723.0,1721,1721.0,1721.0,1677.0,1677.0,1675,1675.0,1675.0,1675.0,1673,1653.0,1648.0,1597.0,1597,1597.0,1595.0,1585.0,1585.0,1584,1574.0,1574.0,1569.0,1569,1569.0,1569.0,1569.0,1569,1538.0,1518.0,1472.0,1462.0,1412,1412.0,1412.0
121017,CARATULA CARTA STRIPE PAQ X 50 AZUL T-1,3547,3497.0,3473.0,3470,3420.0,3161.0,3096.0,3075,2790.0,2530.0,2508.0,2501,2446.0,2419.0,2419.0,2416,2416.0,2406.0,2346.0,2346.0,2339,2339.0,2339.0,2339.0,2339,2319.0,2313.0,2313.0,2293,2283.0,2261.0,2230.0,2095.0,2095,2095.0,2095.0,2075.0,2075,2064.0,2060.0,2058.0,2052,2041.0,2015.0,2004.0,2004.0,1854,1834.0,1834.0
121018,CARATULA CARTA STRIPE PAQ X 50 AZUL T-2,1780,1708.0,1672.0,1671,1630.0,1523.0,1431.0,1278,1236.0,879.0,857.0,856,789.0,765.0,765.0,763,762.0,746.0,726.0,726.0,726,725.0,713.0,713.0,692,692.0,687.0,612.0,582,567.0,547.0,497.0,177.0,167,157.0,147.0,125.0,125,115.0,95.0,95.0,34,26.0,0.0,0.0,0.0,0,0.0,0.0
121019,CARATULA CARTA STRIPE PAQ X 50 HUMO,3259,3199.0,3151.0,3139,3076.0,2977.0,2956.0,2812,2720.0,2665.0,2653.0,2647,2577.0,2571.0,2551.0,2549,2542.0,2536.0,2484.0,2484.0,2483,2483.0,2472.0,2472.0,2462,2460.0,2412.0,2386.0,2386,2366.0,2343.0,2301.0,2298.0,2293,2293.0,2281.0,2245.0,2245,2224.0,2203.0,2201.0,2160,2152.0,2122.0,2121.0,2106.0,2096,2096.0,1796.0
121020,CARATULA CARTA STRIPE PAQ X 50 LILA,2077,2042.0,2019.0,2007,1997.0,1937.0,1907.0,1885,1852.0,1806.0,1785.0,1782,1760.0,1754.0,1754.0,1752,1752.0,1732.0,1722.0,1722.0,1720,1720.0,1719.0,1719.0,1718,1718.0,1713.0,1712.0,1692,1592.0,1567.0,1536.0,1536.0,1520,1520.0,1520.0,1514.0,1514,1514.0,1509.0,1509.0,1508,1508.0,1508.0,1502.0,1502.0,1492,1472.0,1272.0
121021,CARATULA CARTA STRIPE PAQ X 50 NARANJA,2599,2589.0,2586.0,2586,2576.0,2533.0,2507.0,2476,2452.0,2436.0,2414.0,2413,2373.0,2369.0,2369.0,2367,2367.0,2337.0,2326.0,2326.0,2324,2324.0,2314.0,2314.0,2313,2313.0,2308.0,2308.0,2288,2288.0,2277.0,2267.0,2267.0,2266,2266.0,2266.0,2260.0,2260,2259.0,2249.0,2249.0,2249,2248.0,2248.0,2242.0,2242.0,2242,2221.0,2221.0
121022,CARATULA CARTA STRIPE PAQ X 50 ROJO,2740,2720.0,2690.0,2689,2633.0,2582.0,2532.0,2481,2419.0,2394.0,2372.0,2371,2341.0,2325.0,2325.0,2323,2320.0,2280.0,2210.0,2209.0,2209,2208.0,2207.0,2207.0,2206,2206.0,2201.0,2195.0,2165,2160.0,2158.0,2128.0,2118.0,2107,2107.0,2107.0,2101.0,2101,2100.0,2090.0,2090.0,2089,2088.0,2083.0,2076.0,2066.0,2066,2045.0,2045.0
121023,CARATULA CARTA STRIPE PAQ X 50 TRANSPARENTE,14004,13842.0,13528.0,13404,13191.0,12971.0,12626.0,12363,11920.0,11138.0,11022.0,10880,10299.0,10189.0,10129.0,9529,9415.0,9205.0,9047.0,9016.0,8965,8959.0,8847.0,8787.0,8580,8445.0,8223.0,8084.0,7949,7859.0,7471.0,7239.0,7013.0,6900,6842.0,6800.0,6655.0,6607,6524.0,6465.0,6345.0,6222,6132.0,6040.0,5867.0,5797.0,5714,5625.0,5185.0
121024,CARATULA CARTA STRIPE PAQ X 50 VERDE T-1,1387,1387.0,1374.0,1374,1349.0,1288.0,1228.0,1217,1188.0,943.0,923.0,915,890.0,878.0,878.0,875,875.0,875.0,868.0,868.0,867,867.0,862.0,862.0,860,860.0,855.0,855.0,855,845.0,844.0,824.0,804.0,804,804.0,804.0,799.0,799,799.0,794.0,792.0,785,775.0,775.0,769.0,769.0,769,759.0,759.0
121025,CARATULA CARTA STRIPE PAQ X 50 VERDE T-2,4427,4427.0,4412.0,4407,4357.0,4273.0,4245.0,4184,4168.0,4137.0,4115.0,4113,4068.0,4058.0,4058.0,4056,4056.0,4056.0,4010.0,4010.0,4009,4008.0,3991.0,3991.0,3959,3939.0,3932.0,3921.0,3921,3911.0,3910.0,3900.0,3890.0,3885,3884.0,3884.0,3878.0,3878,3878.0,3878.0,3878.0,3878,3878.0,3858.0,3857.0,3846.0,3836,3825.0,3825.0
121032,CARATULA LEGAL STRIPE PAQ X 50 TRANSPARENTE,867,867.0,866.0,865,865.0,864.0,864.0,862,856.0,856.0,856.0,856,856.0,854.0,854.0,854,851.0,851.0,850.0,846.0,841,841.0,840.0,840.0,840,840.0,840.0,840.0,830,830.0,830.0,830.0,828.0,828,828.0,828.0,828.0,821,821.0,821.0,821.0,821,821.0,820.0,815.0,815.0,812,810.0,810.0
121029,CARATULA OFICIO STRIPE PAQ X 50 HUMO,0,0.0,0.0,0,0.0,0.0,0.0,0,0.0,0.0,0.0,0,0.0,0.0,0.0,0,0.0,0.0,0.0,0.0,0,0.0,0.0,0.0,0,0.0,0.0,0.0,0,0.0,0.0,0.0,0.0,0,0.0,0.0,0.0,0,0.0,0.0,0.0,0,0.0,0.0,0.0,0.0,0,0.0,0.0
121030,CARATULA OFICIO STRIPE PAQ X 50 TRANSPARENTE,2979,2774.0,2687.0,2629,2319.0,2297.0,2235.0,2134,2127.0,1837.0,1817.0,1785,1542.0,1533.0,1533.0,1530,1507.0,1177.0,1150.0,1150.0,1146,1139.0,1069.0,1065.0,1053,1053.0,1012.0,990.0,970,770.0,724.0,724.0,704.0,390,370.0,370.0,325.0,325,305.0,305.0,273.0,233,223.0,163.0,110.0,57.0,57,33.0,33.0
121031,CARATULA OFICIO STRIPE PAQ X 50 VERDE T-2,91,91.0,7.0,7,0.0,0.0,0.0,0,0.0,0.0,0.0,0,0.0,0.0,0.0,0,0.0,0.0,0.0,0.0,0,0.0,0.0,0.0,0,0.0,0.0,0.0,0,0.0,0.0,0.0,0.0,0,0.0,0.0,0.0,0,0.0,0.0,0.0,0,0.0,0.0,0.0,0.0,0,0.0,0.0
122002,CARRETE  2.1    8 MM X 38000 LOOPS NEGRO,13,13.0,13.0,13,14.0,14.0,14.0,14,14.0,14.0,14.0,14,14.0,14.0,14.0,14,14.0,14.0,14.0,14.0,14,14.0,14.0,14.0,14,14.0,14.0,14.0,14,14.0,14.0,14.0,14.0,14,14.0,14.0,14.0,14,14.0,14.0,14.0,14,14.0,14.0,14.0,13.0,13,13.0,13.0
122009,CARRETE  2.1   16 MM X 10500 LOOPS BLANCO,0,0.0,0.0,0,0.0,0.0,0.0,0,0.0,0.0,0.0,0,36.0,36.0,35.0,35,35.0,35.0,34.0,34.0,34,34.0,57.0,55.0,55,55.0,55.0,51.0,51,49.0,49.0,49.0,45.0,45,39.0,39.0,39.0,27,27.0,25.0,25.0,23,23.0,17.0,15.0,14.0,9,4.0,3.0
122012,CARRETE  2.1   16 MM X 10500 LOOPS BRONCE,4,4.0,4.0,4,4.0,4.0,4.0,4,4.0,4.0,4.0,4,4.0,4.0,4.0,4,4.0,4.0,4.0,4.0,4,4.0,4.0,4.0,4,4.0,4.0,3.0,3,3.0,3.0,3.0,3.0,3,3.0,3.0,3.0,18,18.0,18.0,18.0,18,18.0,18.0,18.0,18.0,18,18.0,18.0
122010,CARRETE  2.1   16 MM X 10500 LOOPS NEGRO,16,16.0,16.0,16,16.0,16.0,14.0,14,13.0,12.0,12.0,12,32.0,32.0,31.0,31,30.0,30.0,29.0,29.0,29,29.0,28.0,28.0,28,28.0,27.0,26.0,25,25.0,23.0,23.0,23.0,23,23.0,23.0,23.0,23,20.0,20.0,20.0,19,19.0,19.0,18.0,17.0,15,15.0,15.0
122011,CARRETE  2.1   16 MM X 10500 LOOPS PLATA,16,16.0,16.0,16,15.0,15.0,14.0,13,13.0,12.0,12.0,12,12.0,12.0,12.0,12,12.0,12.0,12.0,12.0,12,12.0,24.0,24.0,24,24.0,24.0,24.0,24,24.0,24.0,24.0,24.0,24,24.0,24.0,24.0,24,24.0,24.0,24.0,21,21.0,21.0,21.0,21.0,21,21.0,21.0
122013,CARRETE  2.1   19 MM X 7000 LOOPS BLANCO,0,0.0,0.0,0,0.0,0.0,0.0,0,0.0,0.0,0.0,0,36.0,32.0,32.0,17,17.0,17.0,17.0,16.0,16,14.0,38.0,38.0,37,37.0,37.0,37.0,37,34.0,33.0,33.0,33.0,33,33.0,31.0,30.0,19,19.0,18.0,16.0,11,9.0,9.0,6.0,2.0,0,0.0,0.0
122016,CARRETE  2.1   19 MM X 7000 LOOPS BRONCE,5,5.0,5.0,5,5.0,5.0,5.0,5,5.0,5.0,5.0,5,25.0,25.0,25.0,25,25.0,25.0,25.0,25.0,23,23.0,23.0,22.0,22,22.0,22.0,22.0,21,21.0,21.0,21.0,21.0,21,21.0,21.0,21.0,21,21.0,21.0,20.0,20,20.0,20.0,20.0,17.0,17,17.0,15.0
122014,CARRETE  2.1   19 MM X 7000 LOOPS NEGRO,0,0.0,0.0,0,0.0,0.0,0.0,0,0.0,0.0,0.0,0,24.0,24.0,24.0,24,24.0,24.0,24.0,23.0,23,19.0,41.0,40.0,40,40.0,40.0,40.0,40,39.0,38.0,38.0,37.0,37,37.0,37.0,37.0,37,37.0,0.0,0.0,0,0.0,0.0,0.0,0.0,0,0.0,0.0
122015,CARRETE  2.1   19 MM X 7000 LOOPS PLATA,5,5.0,5.0,5,2.0,2.0,2.0,2,2.0,2.0,2.0,2,22.0,22.0,22.0,22,21.0,21.0,21.0,21.0,21,19.0,19.0,18.0,18,18.0,18.0,18.0,17,17.0,17.0,17.0,17.0,17,17.0,17.0,17.0,17,17.0,17.0,17.0,17,17.0,16.0,11.0,3.0,3,3.0,0.0
122017,CARRETE  3.1    8 MM X 60000 LOOPS BLANCO,100,96.0,89.0,89,89.0,88.0,88.0,93,93.0,93.0,91.0,91,91.0,91.0,91.0,91,91.0,91.0,91.0,91.0,91,91.0,91.0,91.0,91,91.0,91.0,91.0,91,91.0,91.0,91.0,91.0,91,91.0,91.0,91.0,112,112.0,112.0,112.0,112,112.0,112.0,111.0,110.0,108,102.0,97.0
122018,CARRETE  3.1    8 MM X 60000 LOOPS NEGRO,76,76.0,76.0,76,76.0,76.0,76.0,75,75.0,75.0,76.0,70,70.0,69.0,69.0,69,69.0,69.0,69.0,69.0,69,69.0,69.0,69.0,69,69.0,69.0,69.0,69,69.0,69.0,69.0,69.0,67,51.0,51.0,51.0,51,50.0,49.0,49.0,49,49.0,49.0,49.0,45.0,42,35.0,35.0
122019,CARRETE  3.1    8 MM X 60000 LOOPS PLATA,10,10.0,10.0,10,10.0,10.0,10.0,10,10.0,10.0,10.0,10,10.0,10.0,10.0,10,10.0,10.0,10.0,10.0,10,10.0,10.0,10.0,10,10.0,10.0,10.0,10,10.0,10.0,10.0,10.0,10,10.0,10.0,10.0,10,10.0,10.0,10.0,10,10.0,10.0,10.0,10.0,9,9.0,4.0
122020,CARRETE  3.1    9 MM X 43000 LOOPS BLANCO,38,37.0,29.0,23,17.0,17.0,16.0,13,12.0,12.0,11.0,10,116.0,116.0,115.0,109,109.0,108.0,108.0,108.0,108,108.0,183.0,178.0,176,176.0,176.0,176.0,176,176.0,172.0,171.0,171.0,171,171.0,164.0,164.0,210,210.0,209.0,209.0,208,163.0,161.0,151.0,147.0,138,121.0,95.0
122021,CARRETE  3.1    9 MM X 43000 LOOPS BRONCE,35,34.0,34.0,34,34.0,34.0,34.0,34,34.0,34.0,34.0,34,34.0,34.0,34.0,34,34.0,34.0,34.0,34.0,34,34.0,34.0,34.0,34,34.0,34.0,34.0,34,34.0,34.0,34.0,34.0,34,34.0,34.0,34.0,34,34.0,33.0,33.0,32,29.0,28.0,28.0,28.0,27,26.0,25.0
122022,CARRETE  3.1    9 MM X 43000 LOOPS NEGRO,1,1.0,1.0,1,0.0,0.0,0.0,0,0.0,0.0,0.0,0,98.0,98.0,98.0,98,98.0,93.0,93.0,91.0,91,91.0,101.0,101.0,101,101.0,99.0,99.0,99,99.0,97.0,97.0,91.0,91,86.0,85.0,85.0,126,119.0,115.0,110.0,110,110.0,108.0,105.0,105.0,96,90.0,77.0
122023,CARRETE  3.1    9 MM X 43000 LOOPS PLATA,14,14.0,14.0,14,14.0,14.0,14.0,14,14.0,14.0,14.0,14,34.0,34.0,34.0,34,34.0,34.0,34.0,34.0,34,33.0,33.0,33.0,33,33.0,33.0,33.0,33,33.0,33.0,33.0,33.0,33,33.0,32.0,32.0,32,32.0,31.0,20.0,19,19.0,19.0,18.0,18.0,16,15.0,15.0
122024,CARRETE  3.1   11 MM X 32000 LOOPS BLANCO,4,2.0,2.0,2,2.0,2.0,2.0,2,2.0,2.0,2.0,0,20.0,17.0,16.0,15,15.0,15.0,15.0,15.0,15,15.0,55.0,55.0,54,54.0,54.0,54.0,52,52.0,52.0,52.0,52.0,52,51.0,51.0,51.0,89,72.0,72.0,72.0,70,67.0,64.0,54.0,26.0,22,15.0,7.0
122025,CARRETE  3.1   11 MM X 32000 LOOPS NEGRO,5,3.0,3.0,3,3.0,3.0,3.0,3,3.0,3.0,3.0,3,22.0,22.0,22.0,20,20.0,19.0,19.0,19.0,17,16.0,56.0,56.0,56,56.0,56.0,56.0,56,56.0,52.0,50.0,48.0,47,47.0,48.0,48.0,69,69.0,69.0,69.0,69,69.0,68.0,68.0,66.0,65,64.0,63.0
122026,CARRETE  3.1   12 MM X 24000 LOOPS BLANCO,0,0.0,0.0,0,0.0,0.0,0.0,0,0.0,0.0,0.0,0,21.0,21.0,21.0,18,17.0,17.0,17.0,17.0,16,16.0,45.0,45.0,44,42.0,42.0,42.0,42,41.0,41.0,41.0,41.0,40,40.0,40.0,38.0,58,58.0,55.0,51.0,51,49.0,49.0,39.0,18.0,9,5.0,4.0
122027,CARRETE  3.1   12 MM X 24000 LOOPS NEGRO,2,1.0,1.0,1,1.0,0.0,0.0,0,0.0,0.0,0.0,0,24.0,24.0,24.0,24,24.0,21.0,21.0,19.0,19,19.0,49.0,47.0,46,46.0,46.0,46.0,46,46.0,44.0,44.0,42.0,42,42.0,42.0,42.0,63,63.0,63.0,63.0,63,63.0,63.0,63.0,63.0,62,60.0,58.0
122028,CARRETE  3.1   12 MM X 24000 LOOPS PLATA,0,0.0,0.0,0,0.0,0.0,0.0,0,0.0,0.0,0.0,0,24.0,24.0,24.0,24,24.0,24.0,24.0,24.0,24,24.0,24.0,23.0,23,23.0,23.0,23.0,23,21.0,21.0,21.0,21.0,20,20.0,20.0,20.0,12,12.0,12.0,12.0,12,12.0,12.0,12.0,11.0,9,8.0,8.0
122029,CARRETE  3.1   14 MM X 19300 LOOPS BLANCO,0,0.0,0.0,0,0.0,0.0,0.0,0,0.0,0.0,0.0,0,24.0,24.0,24.0,21,21.0,20.0,20.0,20.0,20,20.0,20.0,19.0,19,13.0,12.0,12.0,12,12.0,12.0,12.0,12.0,12,12.0,12.0,9.0,29,27.0,26.0,19.0,19,16.0,13.0,4.0,0.0,0,0.0,0.0
122030,CARRETE  3.1   14 MM X 19300 LOOPS NEGRO,17,16.0,14.0,14,14.0,14.0,14.0,14,14.0,14.0,14.0,14,14.0,14.0,14.0,14,14.0,14.0,14.0,14.0,14,14.0,14.0,14.0,12,12.0,12.0,12.0,12,12.0,11.0,11.0,11.0,10,9.0,9.0,9.0,29,29.0,29.0,29.0,29,29.0,29.0,28.0,28.0,27,27.0,27.0
122031,CARRETE  3.1   14 MM X 19300 LOOPS PLATA,11,11.0,7.0,7,7.0,6.0,6.0,6,6.0,6.0,6.0,6,6.0,6.0,6.0,6,6.0,6.0,6.0,6.0,6,6.0,6.0,6.0,6,6.0,5.0,5.0,5,5.0,5.0,5.0,5.0,5,5.0,5.0,5.0,5,5.0,5.0,5.0,5,5.0,5.0,4.0,4.0,4,4.0,4.0
231001,CERRADORA MANUAL PARA ANILLO METALICO WMB5,27,27.0,27.0,26,26.0,26.0,25.0,25,25.0,25.0,25.0,25,25.0,25.0,25.0,25,25.0,25.0,25.0,25.0,25,25.0,25.0,25.0,25,25.0,25.0,25.0,25,25.0,25.0,25.0,25.0,25,26.0,26.0,26.0,26,26.0,26.0,26.0,26,26.0,26.0,26.0,26.0,26,26.0,26.0
131001,DESPUNTADORA L30,54,54.0,54.0,52,51.0,50.0,50.0,50,50.0,50.0,47.0,47,47.0,47.0,47.0,47,47.0,47.0,47.0,47.0,47,47.0,47.0,47.0,47,47.0,47.0,47.0,47,47.0,46.0,46.0,46.0,46,46.0,46.0,46.0,46,46.0,46.0,46.0,46,46.0,46.0,46.0,46.0,46,46.0,46.0
211002,DESTRUCTOR DE PAPEL SUNWOOD 9520,42,42.0,42.0,42,42.0,42.0,42.0,42,42.0,42.0,42.0,42,42.0,42.0,42.0,42,40.0,40.0,40.0,40.0,40,40.0,40.0,40.0,40,40.0,40.0,40.0,40,40.0,40.0,40.0,40.0,40,40.0,40.0,40.0,40,39.0,39.0,39.0,39,39.0,39.0,39.0,39.0,39,39.0,39.0
122081,DOBLE O CARTA 2.1    8 MM  CAJA X 100 BLANCO,444,444.0,444.0,444,444.0,444.0,444.0,444,444.0,444.0,444.0,444,444.0,444.0,444.0,444,444.0,444.0,444.0,441.0,441,441.0,441.0,441.0,441,441.0,441.0,441.0,441,441.0,441.0,441.0,441.0,441,441.0,441.0,441.0,441,441.0,436.0,436.0,436,430.0,430.0,429.0,429.0,429,429.0,429.0
122082,DOBLE O CARTA 2.1    8 MM  CAJA X 100 NEGRO,224,224.0,214.0,214,214.0,211.0,211.0,211,211.0,211.0,211.0,210,210.0,207.0,207.0,207,207.0,207.0,207.0,167.0,167,167.0,167.0,163.0,163,163.0,162.0,162.0,162,162.0,162.0,162.0,162.0,162,162.0,162.0,162.0,162,162.0,162.0,162.0,162,162.0,162.0,159.0,159.0,151,151.0,151.0
122083,DOBLE O CARTA 2.1    9 MM  CAJA X 100 BLANCO,502,502.0,501.0,490,490.0,490.0,490.0,490,490.0,490.0,490.0,485,485.0,485.0,485.0,480,480.0,480.0,480.0,480.0,479,479.0,479.0,479.0,479,479.0,474.0,474.0,470,470.0,470.0,470.0,462.0,462,459.0,459.0,458.0,398,398.0,398.0,397.0,387,369.0,369.0,368.0,363.0,353,353.0,348.0
122084,DOBLE O CARTA 2.1    9 MM  CAJA X 100 NEGRO,421,414.0,394.0,394,393.0,385.0,380.0,380,377.0,377.0,335.0,326,326.0,311.0,311.0,311,311.0,311.0,311.0,311.0,311,310.0,310.0,306.0,306,306.0,299.0,299.0,299,298.0,294.0,294.0,283.0,283,280.0,280.0,279.0,279,269.0,269.0,269.0,269,263.0,253.0,253.0,242.0,242,241.0,236.0
122085,DOBLE O CARTA 2.1   12 MM  CAJA X 100 BLANCO,306,305.0,251.0,240,240.0,240.0,240.0,238,238.0,235.0,235.0,235,235.0,233.0,233.0,223,221.0,221.0,220.0,217.0,217,217.0,217.0,217.0,217,217.0,217.0,212.0,207,207.0,207.0,207.0,181.0,161,161.0,161.0,141.0,89,89.0,67.0,67.0,59,29.0,28.0,28.0,28.0,18,18.0,7.0
122086,DOBLE O CARTA 2.1   12 MM  CAJA X 100 NEGRO,352,347.0,337.0,326,324.0,293.0,290.0,290,290.0,268.0,267.0,267,267.0,265.0,265.0,266,266.0,261.0,261.0,260.0,240,240.0,230.0,220.0,220,200.0,200.0,190.0,186,186.0,185.0,175.0,168.0,168,165.0,165.0,165.0,135,120.0,120.0,120.0,116,116.0,116.0,116.0,116.0,126,126.0,126.0
122087,DOBLE O CARTA 2.1   14 MM  CAJA X 100 BLANCO,353,353.0,353.0,353,352.0,352.0,352.0,352,351.0,351.0,351.0,351,351.0,351.0,351.0,350,350.0,350.0,350.0,350.0,350,350.0,350.0,350.0,350,350.0,350.0,350.0,348,348.0,348.0,348.0,342.0,342,342.0,342.0,342.0,302,302.0,302.0,302.0,302,296.0,296.0,296.0,296.0,296,294.0,290.0
122088,DOBLE O CARTA 2.1   14 MM  CAJA X 100 NEGRO,247,247.0,237.0,237,237.0,236.0,233.0,213,213.0,193.0,191.0,191,188.0,188.0,188.0,188,188.0,188.0,168.0,168.0,168,168.0,158.0,148.0,148,148.0,148.0,147.0,147,147.0,146.0,146.0,139.0,139,139.0,139.0,139.0,139,139.0,139.0,139.0,139,133.0,133.0,128.0,128.0,128,128.0,128.0
122089,DOBLE O CARTA 2.1   16 MM  CAJA X 50 BLANCO,682,682.0,666.0,665,665.0,655.0,655.0,639,636.0,618.0,609.0,609,609.0,598.0,596.0,585,582.0,581.0,581.0,581.0,576,575.0,565.0,555.0,555,555.0,555.0,544.0,535,534.0,531.0,531.0,480.0,480,480.0,480.0,480.0,463,463.0,461.0,461.0,436,434.0,434.0,433.0,431.0,421,421.0,409.0
122090,DOBLE O CARTA 2.1   16 MM  CAJA X 50 NEGRO,377,337.0,307.0,306,306.0,276.0,269.0,257,247.0,222.0,222.0,210,190.0,187.0,187.0,187,187.0,167.0,167.0,166.0,146,143.0,123.0,103.0,103,83.0,83.0,81.0,80,78.0,67.0,47.0,24.0,24,24.0,24.0,23.0,8,0.0,0.0,0.0,0,0.0,0.0,0.0,0.0,0,0.0,0.0
122091,DOBLE O CARTA 2.1   19 MM  CAJA X 50 BLANCO,350,350.0,337.0,326,325.0,323.0,315.0,315,315.0,285.0,284.0,273,271.0,264.0,264.0,248,248.0,248.0,246.0,242.0,242,242.0,232.0,229.0,229,229.0,228.0,208.0,205,205.0,202.0,202.0,172.0,172,171.0,171.0,171.0,114,113.0,110.0,110.0,90,79.0,79.0,79.0,77.0,63,62.0,52.0
122112,DOBLE O CARTA 2.1   19 MM  CAJA X 50 BRONCE,190,182.0,182.0,182,180.0,176.0,176.0,176,176.0,176.0,177.0,176,172.0,172.0,172.0,167,166.0,166.0,164.0,163.0,163,161.0,161.0,160.0,160,159.0,159.0,159.0,157,157.0,156.0,156.0,155.0,153,152.0,152.0,144.0,144,144.0,144.0,142.0,142,141.0,141.0,141.0,140.0,140,131.0,131.0
122092,DOBLE O CARTA 2.1   19 MM  CAJA X 50 NEGRO,229,229.0,218.0,178,177.0,175.0,168.0,146,136.0,115.0,60.0,49,26.0,22.0,19.0,18,7.0,7.0,5.0,4.0,4,1.0,201.0,181.0,181,180.0,180.0,170.0,169,166.0,156.0,146.0,141.0,141,140.0,140.0,140.0,125,104.0,103.0,102.0,82,82.0,82.0,82.0,71.0,41,39.0,29.0
122093,DOBLE O CARTA 2.1   22 MM  CAJA X 50 BLANCO,276,276.0,271.0,270,270.0,252.0,252.0,252,252.0,240.0,240.0,238,238.0,229.0,209.0,207,207.0,189.0,186.0,186.0,186,186.0,185.0,185.0,183,182.0,182.0,182.0,182,180.0,175.0,175.0,175.0,174,173.0,173.0,172.0,170,170.0,170.0,170.0,161,155.0,155.0,155.0,145.0,131,130.0,130.0
122094,DOBLE O CARTA 2.1   22 MM  CAJA X 50 NEGRO,412,412.0,402.0,402,401.0,401.0,401.0,387,387.0,377.0,377.0,376,376.0,376.0,376.0,376,375.0,375.0,374.0,374.0,374,373.0,373.0,372.0,371,350.0,350.0,350.0,350,350.0,338.0,338.0,329.0,328,328.0,316.0,314.0,314,313.0,313.0,312.0,291,288.0,288.0,287.0,285.0,252,245.0,245.0
122095,DOBLE O CARTA 2.1   25 MM  CAJA X 50 BLANCO,289,289.0,289.0,288,287.0,287.0,287.0,287,287.0,287.0,287.0,287,286.0,285.0,285.0,284,284.0,284.0,284.0,284.0,284,284.0,284.0,284.0,283,283.0,283.0,283.0,283,282.0,281.0,281.0,281.0,281,281.0,281.0,281.0,277,277.0,275.0,272.0,272,272.0,252.0,201.0,201.0,197,197.0,197.0
122096,DOBLE O CARTA 2.1   25 MM  CAJA X 50 NEGRO,132,127.0,126.0,126,126.0,122.0,120.0,120,110.0,80.0,77.0,76,73.0,72.0,72.0,71,70.0,69.0,68.0,68.0,66,66.0,266.0,266.0,266,266.0,265.0,264.0,263,263.0,256.0,256.0,255.0,255,255.0,253.0,253.0,253,253.0,253.0,252.0,251,250.0,250.0,248.0,248.0,248,247.0,249.0
122097,DOBLE O CARTA 2.1   28 MM  CAJA X 30 BLANCO,397,396.0,396.0,393,393.0,393.0,367.0,367,367.0,366.0,366.0,365,365.0,364.0,364.0,364,364.0,364.0,364.0,364.0,364,364.0,364.0,364.0,364,364.0,364.0,364.0,364,364.0,364.0,364.0,364.0,364,364.0,364.0,364.0,364,364.0,364.0,364.0,364,364.0,364.0,363.0,363.0,359,358.0,358.0
122098,DOBLE O CARTA 2.1   28 MM  CAJA X 30 NEGRO,348,348.0,348.0,348,348.0,348.0,348.0,348,348.0,348.0,348.0,348,348.0,347.0,347.0,347,347.0,347.0,347.0,346.0,346,346.0,346.0,345.0,345,344.0,343.0,342.0,342,342.0,341.0,341.0,340.0,340,339.0,337.0,337.0,337,337.0,336.0,335.0,335,334.0,334.0,334.0,332.0,332,330.0,330.0
122099,DOBLE O CARTA 2.1   32 MM  CAJA X 30 BLANCO,451,451.0,450.0,449,449.0,449.0,449.0,449,449.0,445.0,445.0,445,445.0,444.0,444.0,443,443.0,443.0,443.0,443.0,443,443.0,443.0,443.0,443,443.0,443.0,443.0,443,443.0,442.0,442.0,442.0,442,442.0,442.0,442.0,421,421.0,420.0,420.0,420,420.0,420.0,420.0,420.0,408,408.0,408.0
122100,DOBLE O CARTA 2.1   32 MM  CAJA X 30 NEGRO,101,101.0,95.0,94,94.0,94.0,94.0,94,84.0,84.0,84.0,84,84.0,83.0,83.0,83,82.0,82.0,82.0,82.0,82,82.0,182.0,182.0,181,180.0,180.0,180.0,180,178.0,172.0,172.0,171.0,170,170.0,170.0,165.0,165,165.0,165.0,165.0,158,158.0,158.0,158.0,158.0,168,168.0,165.0
122101,DOBLE O CARTA 3.1    8 MM   CAJA X 100 BLANCO,640,640.0,638.0,638,638.0,638.0,638.0,638,638.0,638.0,638.0,638,638.0,638.0,638.0,638,637.0,637.0,637.0,637.0,637,637.0,637.0,637.0,637,637.0,637.0,637.0,637,637.0,637.0,637.0,637.0,637,637.0,637.0,637.0,637,637.0,637.0,637.0,632,632.0,632.0,632.0,632.0,632,622.0,622.0
122102,DOBLE O CARTA 3.1    8 MM  CAJA X 100 NEGRO,448,448.0,448.0,448,444.0,444.0,444.0,442,442.0,442.0,441.0,440,440.0,440.0,440.0,440,438.0,438.0,438.0,438.0,438,438.0,438.0,438.0,438,433.0,433.0,433.0,433,433.0,433.0,433.0,431.0,431,431.0,431.0,431.0,431,431.0,431.0,431.0,431,431.0,431.0,431.0,431.0,431,428.0,411.0
122103,DOBLE O CARTA 3.1    9 MM  CAJA X 100 BLANCO,519,519.0,519.0,519,518.0,518.0,518.0,518,518.0,518.0,518.0,518,509.0,509.0,509.0,509,509.0,509.0,508.0,508.0,508,508.0,508.0,508.0,508,508.0,508.0,503.0,503,503.0,503.0,503.0,498.0,498,498.0,498.0,498.0,458,458.0,457.0,457.0,457,454.0,454.0,439.0,439.0,438,436.0,436.0
122104,DOBLE O CARTA 3.1    9 MM  CAJA X 100 NEGRO,264,261.0,261.0,251,247.0,246.0,246.0,206,206.0,185.0,185.0,185,185.0,185.0,185.0,185,183.0,183.0,183.0,183.0,173,173.0,163.0,153.0,153,153.0,153.0,153.0,153,150.0,140.0,140.0,130.0,130,120.0,120.0,120.0,120,60.0,20.0,19.0,18,15.0,15.0,15.0,0.0,0,0.0,0.0
122105,DOBLE O CARTA 3.1   11 MM  CAJA X 100 BLANCO,434,432.0,422.0,422,421.0,421.0,421.0,421,411.0,411.0,411.0,410,410.0,410.0,410.0,410,409.0,409.0,409.0,409.0,409,409.0,409.0,409.0,409,409.0,409.0,409.0,409,409.0,409.0,409.0,409.0,409,408.0,408.0,408.0,408,408.0,407.0,407.0,402,402.0,400.0,395.0,395.0,395,397.0,377.0
122106,DOBLE O CARTA 3.1   11 MM  CAJA X 100 NEGRO,243,243.0,213.0,213,213.0,213.0,213.0,203,203.0,203.0,203.0,203,203.0,203.0,203.0,202,200.0,180.0,180.0,180.0,180,180.0,170.0,156.0,156,156.0,156.0,156.0,156,156.0,156.0,156.0,156.0,156,156.0,156.0,156.0,156,156.0,126.0,125.0,124,124.0,124.0,124.0,109.0,108,106.0,74.0
122108,DOBLE O CARTA 3.1   12 MM  CAJA X 100 BLANCO,703,703.0,703.0,703,703.0,703.0,703.0,703,703.0,703.0,703.0,700,700.0,700.0,699.0,699,699.0,699.0,699.0,699.0,699,699.0,699.0,699.0,699,699.0,699.0,699.0,699,699.0,699.0,699.0,699.0,699,699.0,699.0,699.0,679,679.0,679.0,679.0,679,676.0,676.0,672.0,672.0,672,672.0,672.0
122107,DOBLE O CARTA 3.1   12 MM  CAJA X 100 NEGRO,387,387.0,387.0,387,383.0,383.0,383.0,363,362.0,358.0,358.0,353,352.0,351.0,351.0,351,351.0,351.0,351.0,351.0,341,341.0,331.0,321.0,321,321.0,321.0,321.0,321,318.0,318.0,318.0,308.0,308,303.0,303.0,303.0,283,273.0,273.0,273.0,273,270.0,270.0,270.0,270.0,270,268.0,268.0
122109,DOBLE O CARTA 3.1   12 MM  CAJA X 100 PLATA,160,160.0,160.0,160,160.0,160.0,160.0,160,160.0,160.0,160.0,160,160.0,160.0,160.0,158,158.0,158.0,158.0,158.0,158,158.0,158.0,158.0,158,158.0,158.0,158.0,158,158.0,158.0,158.0,158.0,158,158.0,158.0,158.0,158,158.0,158.0,158.0,158,158.0,158.0,158.0,157.0,157,157.0,157.0
122110,DOBLE O CARTA 3.1   14 MM  CAJA X 100 BLANCO,362,362.0,359.0,359,359.0,359.0,359.0,359,359.0,359.0,359.0,359,359.0,359.0,359.0,359,359.0,359.0,359.0,359.0,359,359.0,359.0,359.0,358,358.0,358.0,358.0,358,358.0,358.0,358.0,355.0,355,355.0,355.0,355.0,345,345.0,345.0,345.0,345,342.0,342.0,342.0,342.0,332,332.0,332.0
122111,DOBLE O CARTA 3.1   14 MM  CAJA X 100 NEGRO,316,316.0,316.0,316,316.0,316.0,316.0,306,306.0,281.0,281.0,281,281.0,281.0,281.0,281,281.0,254.0,254.0,254.0,254,254.0,244.0,234.0,234,234.0,234.0,234.0,234,234.0,234.0,234.0,232.0,232,212.0,212.0,212.0,212,162.0,162.0,162.0,162,159.0,159.0,154.0,154.0,154,152.0,152.0
231015,ENCUADERNADORA DUO GENERICA - WW2500A(2.1) (3.1),106,105.0,104.0,97,97.0,96.0,95.0,93,92.0,91.0,91.0,91,91.0,85.0,85.0,83,83.0,83.0,82.0,82.0,82,82.0,82.0,79.0,79,79.0,79.0,79.0,79,79.0,78.0,78.0,77.0,77,77.0,75.0,73.0,73,71.0,68.0,66.0,66,66.0,61.0,60.0,59.0,56,54.0,50.0
231004,ENCUADERNADORA ELECTRICA WIRE MAC (2.1),1,1.0,1.0,1,1.0,1.0,1.0,1,1.0,1.0,1.0,1,1.0,1.0,1.0,1,1.0,1.0,1.0,1.0,1,1.0,1.0,1.0,1,1.0,1.0,1.0,1,1.0,1.0,1.0,1.0,1,1.0,1.0,1.0,1,1.0,1.0,1.0,1,1.0,1.0,1.0,1.0,1,1.0,1.0
231005,ENCUADERNADORA ELECTRICA WIRE MAC (3.1),4,4.0,4.0,4,4.0,4.0,4.0,4,4.0,4.0,4.0,4,4.0,4.0,4.0,4,4.0,4.0,4.0,4.0,4,4.0,4.0,4.0,4,4.0,4.0,4.0,4,4.0,4.0,4.0,4.0,4,4.0,4.0,4.0,4,4.0,4.0,4.0,4,4.0,4.0,4.0,4.0,4,4.0,4.0
231003,ENCUADERNADORA GENERICA W25A (2.1),34,34.0,34.0,33,33.0,33.0,33.0,33,33.0,33.0,33.0,33,33.0,33.0,33.0,31,31.0,31.0,31.0,31.0,31,31.0,31.0,31.0,31,31.0,31.0,31.0,31,31.0,31.0,31.0,31.0,31,31.0,31.0,30.0,29,29.0,29.0,29.0,29,29.0,29.0,29.0,29.0,29,29.0,27.0
231008,ENCUADERNADORA WIRE MAC DUO (2.1) - (3.1),2,2.0,2.0,2,2.0,2.0,2.0,2,2.0,2.0,2.0,2,2.0,2.0,2.0,2,2.0,2.0,2.0,2.0,2,2.0,2.0,2.0,2,2.0,2.0,2.0,2,2.0,2.0,2.0,2.0,2,2.0,2.0,2.0,2,2.0,2.0,2.0,2,2.0,2.0,2.0,2.0,1,1.0,1.0
124004,ESPIRAL CARTA 12 MM  PAQ X 100 NEGRO,422,389.0,311.0,311,311.0,311.0,305.0,305,302.0,280.0,263.0,263,263.0,263.0,263.0,215,215.0,215.0,215.0,215.0,215,215.0,214.0,196.0,196,196.0,196.0,196.0,196,196.0,195.0,179.0,163.0,163,163.0,163.0,163.0,163,162.0,158.0,158.0,122,122.0,122.0,122.0,107.0,107,107.0,107.0
124005,ESPIRAL CARTA 14 MM  PAQ X 100 NEGRO,0,0.0,0.0,0,0.0,0.0,0.0,0,0.0,0.0,0.0,0,0.0,0.0,0.0,0,0.0,0.0,0.0,0.0,0,0.0,0.0,0.0,0,0.0,0.0,0.0,0,0.0,0.0,0.0,0.0,0,0.0,0.0,0.0,0,0.0,0.0,0.0,0,0.0,0.0,0.0,0.0,0,0.0,0.0
124006,ESPIRAL CARTA 17 MM  PAQ X 100 NEGRO,0,0.0,0.0,0,0.0,0.0,0.0,0,0.0,0.0,0.0,0,0.0,0.0,0.0,0,0.0,0.0,0.0,0.0,0,0.0,0.0,0.0,0,0.0,0.0,0.0,0,0.0,0.0,0.0,0.0,0,0.0,0.0,0.0,0,0.0,0.0,0.0,0,0.0,0.0,0.0,0.0,0,0.0,0.0
124007,ESPIRAL CARTA 20 MM  PAQ X 70 NEGRO,0,0.0,0.0,0,0.0,0.0,0.0,0,0.0,0.0,0.0,0,0.0,0.0,0.0,0,0.0,0.0,0.0,0.0,0,0.0,0.0,0.0,0,0.0,0.0,0.0,0,0.0,0.0,0.0,0.0,0,0.0,0.0,0.0,0,0.0,0.0,0.0,0,0.0,0.0,0.0,0.0,0,0.0,0.0
124008,ESPIRAL CARTA 20 MM  PAQ X 70 TRANSPARENTE,383,383.0,380.0,380,380.0,380.0,380.0,380,380.0,380.0,380.0,380,380.0,380.0,380.0,380,380.0,380.0,380.0,380.0,380,380.0,380.0,380.0,380,380.0,380.0,379.0,379,379.0,379.0,379.0,379.0,379,379.0,379.0,379.0,379,379.0,379.0,379.0,379,379.0,379.0,379.0,379.0,379,379.0,379.0
124009,ESPIRAL CARTA 23 MM  PAQ X 60 NEGRO,0,0.0,0.0,0,0.0,0.0,0.0,0,0.0,0.0,0.0,0,0.0,0.0,0.0,0,0.0,0.0,0.0,0.0,0,0.0,0.0,0.0,0,0.0,0.0,0.0,0,0.0,0.0,0.0,0.0,0,0.0,0.0,0.0,0,0.0,0.0,0.0,0,0.0,0.0,0.0,0.0,0,0.0,0.0
124010,ESPIRAL CARTA 25 MM  PAQ X 45 NEGRO,172,172.0,172.0,172,172.0,172.0,172.0,172,172.0,172.0,166.0,166,166.0,166.0,166.0,166,166.0,161.0,161.0,161.0,161,161.0,161.0,161.0,161,161.0,161.0,161.0,161,161.0,161.0,154.0,154.0,154,154.0,154.0,154.0,154,154.0,150.0,150.0,150,150.0,150.0,150.0,145.0,145,145.0,145.0
124011,ESPIRAL CARTA 33 MM  PAQ X 25 NEGRO,194,194.0,194.0,194,194.0,194.0,194.0,194,194.0,194.0,194.0,194,194.0,194.0,194.0,194,194.0,194.0,194.0,194.0,194,194.0,194.0,194.0,194,194.0,194.0,194.0,194,194.0,194.0,191.0,191.0,191,191.0,191.0,191.0,191,191.0,191.0,191.0,191,191.0,191.0,191.0,188.0,188,188.0,188.0
124001,ESPIRAL CARTA 7 MM  PAQ X 100 NEGRO,311,311.0,311.0,311,311.0,311.0,311.0,311,311.0,311.0,311.0,311,311.0,311.0,311.0,311,311.0,311.0,311.0,311.0,311,311.0,311.0,306.0,306,306.0,306.0,306.0,306,306.0,306.0,305.0,305.0,305,305.0,305.0,305.0,305,304.0,304.0,304.0,304,304.0,304.0,304.0,304.0,304,304.0,304.0
124002,ESPIRAL CARTA 7 MM  PAQ X 100 TRANSPARENTE,1169,1169.0,1168.0,1168,1168.0,1167.0,1167.0,1167,1167.0,1167.0,1167.0,1167,1167.0,1167.0,1167.0,1167,1167.0,1167.0,1167.0,1167.0,1167,1167.0,1166.0,1166.0,1166,1166.0,1166.0,1166.0,1166,1166.0,1166.0,1166.0,1166.0,1166,1166.0,1166.0,1166.0,1166,1166.0,1166.0,1166.0,1166,1166.0,1166.0,1166.0,1166.0,1166,1166.0,1166.0
124003,ESPIRAL CARTA 9 MM  PAQ X 100 NEGRO,2571,2570.0,2563.0,2563,2562.0,2562.0,2557.0,2552,2550.0,2549.0,2538.0,2538,2488.0,2488.0,2488.0,2488,2488.0,2488.0,2487.0,2487.0,2487,2487.0,2486.0,2459.0,2459,2459.0,2459.0,2403.0,2403,2403.0,2403.0,2392.0,2367.0,2367,2367.0,2367.0,2367.0,2367,2367.0,2288.0,2288.0,2262,2262.0,2262.0,2262.0,2262.0,2262,2262.0,2262.0
231009,ESPIRALADORA COIL MAC ELECTRICA CON INSERTADOR,1,1.0,1.0,1,1.0,1.0,1.0,1,1.0,1.0,1.0,1,1.0,1.0,1.0,1,1.0,1.0,1.0,1.0,1,1.0,1.0,1.0,1,1.0,1.0,1.0,1,1.0,1.0,1.0,1.0,1,1.0,1.0,1.0,1,1.0,1.0,1.0,1,1.0,1.0,1.0,1.0,1,1.0,1.0
231016,ESPIRALADORA COIL MAC MANUAL,3,3.0,3.0,3,3.0,3.0,3.0,3,3.0,3.0,3.0,3,3.0,3.0,3.0,3,3.0,3.0,3.0,3.0,3,3.0,3.0,3.0,3,3.0,3.0,3.0,3,3.0,3.0,3.0,3.0,3,3.0,3.0,3.0,3,3.0,3.0,3.0,3,3.0,3.0,3.0,3.0,3,3.0,3.0
231007,ESPIRALADORA ESPIRAMATIC MANUAL 360,121,116.0,116.0,116,115.0,115.0,115.0,115,111.0,111.0,111.0,111,109.0,109.0,109.0,109,109.0,109.0,109.0,109.0,109,109.0,109.0,109.0,109,109.0,109.0,109.0,109,109.0,109.0,109.0,109.0,109,109.0,108.0,108.0,108,108.0,108.0,108.0,108,108.0,108.0,108.0,108.0,108,108.0,108.0
231017,ESPIRALADORA RUBI COIL,1,1.0,1.0,1,1.0,1.0,1.0,1,1.0,1.0,1.0,1,1.0,1.0,1.0,1,1.0,1.0,1.0,1.0,1,1.0,1.0,1.0,1,1.0,1.0,1.0,1,1.0,1.0,1.0,1.0,1,1.0,1.0,1.0,1,1.0,1.0,1.0,1,1.0,1.0,1.0,1.0,1,1.0,1.0
112031,FOIL S1 (101) 640 MM X 120 MT 12 MIC DORADO,0,0.0,0.0,0,0.0,0.0,0.0,0,0.0,0.0,0.0,0,0.0,0.0,120.0,120,120.0,120.0,118.0,114.0,114,112.0,112.0,110.0,110,107.0,101.0,101.0,100,99.0,99.0,97.0,97.0,97,97.0,91.0,89.0,85,83.0,83.0,82.0,74,72.0,69.0,69.0,62.0,59,59.0,51.0
112032,FOIL S1 (120) 640 MM X 120 MT 12 MIC PLATA,0,0.0,0.0,0,0.0,0.0,0.0,0,0.0,0.0,0.0,0,0.0,0.0,120.0,119,119.0,119.0,118.0,117.0,117,117.0,117.0,117.0,116,116.0,116.0,116.0,116,116.0,114.0,112.0,112.0,111,111.0,109.0,108.0,108,106.0,106.0,106.0,106,106.0,105.0,105.0,102.0,102,102.0,99.0
112033,FOIL S2 (101) 640 MM X 120 MT 12 MIC DORADO,0,0.0,0.0,0,0.0,0.0,0.0,0,0.0,0.0,0.0,0,0.0,0.0,50.0,49,49.0,49.0,47.0,36.0,21,21.0,20.0,20.0,20,20.0,19.0,19.0,19,19.0,19.0,15.0,13.0,10,10.0,10.0,10.0,10,10.0,10.0,10.0,10,10.0,10.0,10.0,10.0,10,10.0,10.0
112034,FOIL S2 (120) 640 MM X 120 MT 12 MIC PLATA,0,0.0,0.0,0,0.0,0.0,0.0,0,0.0,0.0,0.0,0,0.0,0.0,50.0,50,50.0,50.0,50.0,49.0,47,47.0,47.0,47.0,47,47.0,44.0,20.0,20,20.0,20.0,20.0,20.0,20,19.0,19.0,19.0,19,19.0,19.0,19.0,19,19.0,19.0,19.0,19.0,19,19.0,19.0
112037,FOIL S2 (A152-1) 640 MM X 120 MT 12 MIC ROSA,0,0.0,0.0,0,0.0,0.0,0.0,0,0.0,0.0,0.0,0,0.0,0.0,0.0,0,0.0,0.0,0.0,0.0,0,0.0,0.0,0.0,0,0.0,0.0,0.0,0,0.0,0.0,0.0,0.0,0,0.0,0.0,0.0,0,0.0,0.0,0.0,0,0.0,0.0,0.0,0.0,0,0.0,0.0
112036,FOIL S4 (S15) 640 MM X 120 MT 12 MIC PLATA HOLOGRAFICO,0,0.0,0.0,0,0.0,0.0,0.0,0,0.0,0.0,0.0,0,0.0,0.0,80.0,80,80.0,80.0,79.0,79.0,78,78.0,78.0,78.0,78,78.0,78.0,76.0,75,75.0,75.0,75.0,75.0,75,75.0,75.0,73.0,71,69.0,69.0,4.0,4,4.0,4.0,4.0,2.0,2,2.0,2.0
112038,FOIL S4 (SA12) 640 MM X 120 MT 12 MIC DORADO HOLOGRAFICO,0,0.0,0.0,0,0.0,0.0,0.0,0,0.0,0.0,0.0,0,0.0,0.0,0.0,0,0.0,0.0,0.0,0.0,0,0.0,0.0,0.0,0,0.0,0.0,0.0,0,0.0,0.0,0.0,0.0,0,0.0,0.0,0.0,0,0.0,0.0,0.0,0,0.0,0.0,0.0,0.0,0,0.0,0.0
112035,FOIL S4 (SA18) 640 MM X 120 MT 12 MIC DORADO HOLOGRAFICO,0,0.0,0.0,0,0.0,0.0,0.0,0,0.0,0.0,0.0,0,0.0,0.0,80.0,79,79.0,79.0,59.0,59.0,58,58.0,58.0,58.0,56,56.0,36.0,35.0,35,35.0,35.0,35.0,35.0,35,9.0,9.0,9.0,9,9.0,9.0,9.0,9,9.0,9.0,9.0,9.0,8,8.0,8.0
311001,KIT REPUESTO DESPUNTADORA DIAMOND-1,114,114.0,114.0,113,113.0,113.0,113.0,113,113.0,113.0,111.0,111,111.0,111.0,110.0,110,110.0,110.0,110.0,110.0,104,104.0,104.0,104.0,104,104.0,104.0,104.0,104,104.0,104.0,102.0,102.0,102,102.0,102.0,102.0,102,102.0,102.0,102.0,102,102.0,97.0,97.0,97.0,97,97.0,97.0
222005,"LAMINADORA LEDCO D 42""",1,1.0,1.0,1,1.0,1.0,1.0,1,1.0,1.0,1.0,1,1.0,1.0,1.0,1,1.0,1.0,1.0,1.0,1,1.0,1.0,1.0,1,1.0,1.0,1.0,1,1.0,1.0,1.0,1.0,1,1.0,1.0,1.0,1,1.0,1.0,1.0,1,1.0,1.0,1.0,1.0,1,1.0,1.0
221008,"LAMINADORA ROYAL ES 1315 - 12""",173,173.0,173.0,171,171.0,171.0,170.0,170,170.0,170.0,170.0,170,169.0,168.0,168.0,167,167.0,167.0,167.0,167.0,167,164.0,164.0,164.0,164,164.0,163.0,163.0,163,163.0,162.0,162.0,161.0,161,161.0,161.0,160.0,160,158.0,158.0,158.0,158,158.0,158.0,158.0,155.0,155,155.0,155.0
221007,"LAMINADORA ROYAL ES 915 - 9""",356,353.0,347.0,340,338.0,338.0,334.0,328,328.0,327.0,323.0,317,306.0,305.0,301.0,301,301.0,297.0,291.0,291.0,278,269.0,269.0,259.0,257,256.0,251.0,241.0,235,231.0,231.0,231.0,228.0,213,209.0,193.0,188.0,185,182.0,181.0,174.0,171,171.0,171.0,161.0,155.0,155,154.0,133.0
221003,LAMINADORA ROYAL IL 926W,3,3.0,3.0,3,3.0,3.0,3.0,3,3.0,3.0,3.0,3,3.0,3.0,3.0,3,3.0,3.0,3.0,3.0,3,3.0,3.0,3.0,3,3.0,3.0,3.0,3,3.0,3.0,3.0,3.0,3,3.0,3.0,3.0,3,3.0,3.0,3.0,3,3.0,3.0,3.0,3.0,0,0.0,0.0
221001,LAMINADORA ROYAL NR 901 DIGITAL,1,1.0,1.0,1,1.0,1.0,1.0,1,1.0,1.0,1.0,1,1.0,1.0,1.0,1,1.0,1.0,1.0,1.0,1,1.0,1.0,1.0,1,1.0,1.0,1.0,1,1.0,1.0,1.0,1.0,1,1.0,1.0,1.0,1,1.0,1.0,1.0,1,1.0,1.0,1.0,1.0,1,1.0,1.0
221004,LAMINADORA ROYAL RSL 2701,2,2.0,2.0,2,2.0,2.0,2.0,2,2.0,2.0,2.0,2,2.0,2.0,2.0,2,2.0,2.0,2.0,2.0,2,2.0,2.0,2.0,2,2.0,2.0,2.0,2,2.0,2.0,2.0,2.0,2,2.0,2.0,2.0,2,2.0,2.0,2.0,2,2.0,2.0,2.0,2.0,2,2.0,2.0
221006,LAMINADORA ROYAL RSL 38CM,1,1.0,1.0,1,1.0,1.0,1.0,1,1.0,1.0,1.0,1,1.0,1.0,1.0,1,1.0,1.0,1.0,1.0,1,1.0,1.0,1.0,1,1.0,1.0,1.0,1,1.0,1.0,1.0,1.0,1,1.0,1.0,1.0,1,1.0,1.0,1.0,1,1.0,1.0,1.0,1.0,1,1.0,1.0
222001,LAMINADORA TAHSIN 1400 34 CM,6,6.0,6.0,6,6.0,6.0,6.0,6,6.0,6.0,6.0,6,6.0,6.0,6.0,6,6.0,6.0,6.0,6.0,6,6.0,6.0,6.0,6,6.0,6.0,6.0,6,6.0,6.0,6.0,6.0,6,6.0,6.0,6.0,6,6.0,6.0,6.0,6,6.0,6.0,6.0,6.0,6,6.0,6.0
222006,LAMINADORA TAHSIN TCC 2700,1,1.0,1.0,1,1.0,1.0,1.0,1,1.0,1.0,1.0,1,1.0,1.0,1.0,1,1.0,1.0,1.0,1.0,1,1.0,1.0,1.0,1,1.0,1.0,1.0,1,1.0,1.0,1.0,1.0,1,1.0,1.0,1.0,1,1.0,1.0,1.0,1,1.0,1.0,1.0,1.0,1,1.0,1.0
222002,LAMINADORA TAHSIN TCC 330,80,80.0,80.0,80,80.0,78.0,75.0,75,74.0,74.0,74.0,74,74.0,74.0,74.0,74,74.0,74.0,74.0,74.0,73,73.0,73.0,73.0,72,72.0,72.0,72.0,72,72.0,72.0,68.0,68.0,68,68.0,68.0,67.0,67,67.0,67.0,67.0,67,67.0,67.0,67.0,67.0,67,67.0,67.0
222003,LAMINADORA TAHSIN VERSALAM 1300,1,1.0,1.0,1,1.0,1.0,1.0,1,1.0,1.0,1.0,1,1.0,1.0,1.0,1,1.0,1.0,1.0,1.0,1,1.0,1.0,1.0,1,1.0,1.0,1.0,1,1.0,1.0,1.0,1.0,1,1.0,1.0,1.0,1,1.0,1.0,1.0,1,1.0,1.0,1.0,1.0,1,1.0,1.0
231012,MAQUINA PERFORADORA CK-600,0,0.0,0.0,0,0.0,0.0,0.0,0,0.0,0.0,0.0,0,0.0,0.0,0.0,0,0.0,0.0,0.0,0.0,0,0.0,0.0,0.0,0,0.0,0.0,0.0,0,0.0,0.0,0.0,0.0,0,0.0,0.0,0.0,0,0.0,0.0,0.0,0,0.0,0.0,0.0,0.0,0,0.0,0.0
231013,MAQUINA PERFORADORA CKD-600,2,2.0,2.0,2,2.0,2.0,2.0,2,2.0,2.0,2.0,2,2.0,2.0,2.0,2,2.0,2.0,2.0,2.0,2,2.0,2.0,2.0,2,2.0,2.0,2.0,2,2.0,2.0,2.0,2.0,2,2.0,2.0,2.0,2,2.0,2.0,2.0,2,2.0,2.0,2.0,2.0,2,2.0,2.0
231014,PERFORADOR DOBLE OO MINIMAX (2.1) SEMI-INDUSTRIAL,9,9.0,9.0,8,8.0,8.0,7.0,7,7.0,7.0,6.0,6,6.0,6.0,6.0,6,6.0,6.0,6.0,6.0,6,6.0,6.0,6.0,6,6.0,5.0,4.0,4,4.0,3.0,3.0,2.0,2,3.0,3.0,3.0,3,3.0,3.0,3.0,3,3.0,3.0,3.0,2.0,2,2.0,1.0
223001,PLASTIFICADORA PDFM 360,40,40.0,40.0,40,40.0,40.0,40.0,39,39.0,39.0,39.0,39,39.0,39.0,38.0,38,38.0,38.0,38.0,38.0,38,38.0,38.0,38.0,38,38.0,38.0,38.0,38,38.0,38.0,38.0,38.0,38,38.0,37.0,37.0,37,37.0,37.0,36.0,36,36.0,35.0,35.0,35.0,35,35.0,35.0
131013,PROTECTOR DE HOJA DELGADO CARTA PQ X 100 (0.03MM),300,300.0,300.0,300,300.0,300.0,281.0,280,280.0,280.0,280.0,280,280.0,280.0,280.0,280,260.0,260.0,260.0,260.0,260,260.0,260.0,260.0,260,260.0,260.0,260.0,260,260.0,260.0,260.0,260.0,260,240.0,240.0,240.0,240,240.0,240.0,240.0,240,240.0,240.0,240.0,240.0,240,240.0,240.0
131015,PROTECTOR DE HOJA GRUESO CARTA PQ X 50 (0.08MM),1552,1552.0,1492.0,1492,1492.0,1492.0,1492.0,1468,1348.0,1348.0,1346.0,1346,1346.0,1346.0,1346.0,1346,1326.0,1326.0,1326.0,1326.0,1326,1326.0,1326.0,1286.0,1286,1286.0,1285.0,1285.0,1285,1285.0,1285.0,1285.0,1285.0,1285,1275.0,1275.0,1274.0,1274,1274.0,1234.0,1234.0,1234,1214.0,1214.0,1214.0,1214.0,1214,1214.0,1214.0
111001,ROLLO 113 MM X 60 MTS 175 MICRAS,785,785.0,736.0,736,735.0,735.0,735.0,601,601.0,601.0,597.0,597,597.0,501.0,501.0,501,489.0,489.0,489.0,446.0,446,1406.0,1382.0,1382.0,1382,1381.0,1373.0,1345.0,1336,1324.0,1324.0,1319.0,1319.0,1319,1319.0,1319.0,1319.0,1319,1318.0,1318.0,1318.0,1315,1303.0,1291.0,1275.0,1258.0,1258,1258.0,1258.0
111002,ROLLO 113 MM X 60 MTS 250 MICRAS,223,223.0,218.0,217,216.0,216.0,216.0,216,210.0,210.0,210.0,208,172.0,172.0,172.0,172,172.0,172.0,172.0,172.0,172,172.0,166.0,166.0,166,144.0,144.0,144.0,144,144.0,144.0,144.0,144.0,144,144.0,144.0,144.0,140,140.0,140.0,140.0,140,140.0,140.0,134.0,127.0,121,121.0,121.0
111003,ROLLO 226 MM X 60 MTS 125 MICRAS,1113,801.0,713.0,677,669.0,613.0,587.0,246,246.0,246.0,229.0,209,209.0,0.0,0.0,0,0.0,0.0,1500.0,1358.0,1346,1209.0,1202.0,1068.0,1068,1066.0,988.0,820.0,687,634.0,634.0,613.0,487.0,475,469.0,271.0,263.0,243,229.0,223.0,110.0,101,99.0,3.0,0.0,0.0,0,0.0,0.0
111004,ROLLO 226 MM X 60 MTS 175 MICRAS,0,0.0,0.0,0,0.0,0.0,0.0,0,0.0,0.0,0.0,0,0.0,0.0,0.0,0,0.0,0.0,0.0,0.0,0,200.0,200.0,200.0,200,200.0,200.0,200.0,200,200.0,198.0,178.0,178.0,178,178.0,178.0,178.0,175,173.0,173.0,172.0,162,162.0,0.0,0.0,0.0,0,0.0,0.0
111005,ROLLO 226 MM X 60 MTS 250 MICRAS,157,157.0,153.0,153,153.0,148.0,147.0,147,147.0,142.0,133.0,133,133.0,133.0,133.0,133,133.0,133.0,133.0,133.0,129,123.0,119.0,119.0,119,119.0,118.0,118.0,118,118.0,118.0,103.0,103.0,99,99.0,99.0,95.0,95,89.0,89.0,89.0,89,85.0,85.0,85.0,83.0,84,84.0,78.0
111007,ROLLO 300 MM X 60 MTS 125 MICRAS,108,103.0,102.0,101,101.0,101.0,100.0,100,99.0,73.0,69.0,67,63.0,0.0,0.0,0,0.0,0.0,0.0,0.0,0,0.0,0.0,0.0,0,0.0,0.0,0.0,0,0.0,0.0,0.0,0.0,0,0.0,0.0,0.0,0,0.0,0.0,0.0,0,0.0,0.0,0.0,0.0,0,0.0,0.0
111008,ROLLO 300 MM X 60 MTS 250 MICRAS,117,115.0,111.0,111,97.0,97.0,96.0,94,76.0,65.0,64.0,64,62.0,62.0,62.0,60,58.0,55.0,55.0,55.0,53,49.0,47.0,45.0,45,41.0,41.0,41.0,41,37.0,35.0,32.0,32.0,30,30.0,27.0,27.0,27,10.0,10.0,10.0,10,10.0,2.0,1.0,1.0,0,0.0,0.0
111018,ROLLO 350 MM X 60 MTS 250 MICRAS,256,256.0,256.0,252,252.0,252.0,252.0,252,252.0,250.0,250.0,250,250.0,250.0,234.0,234,234.0,234.0,234.0,234.0,233,231.0,227.0,227.0,227,227.0,227.0,227.0,227,227.0,227.0,227.0,227.0,227,227.0,211.0,211.0,211,207.0,207.0,207.0,207,207.0,195.0,195.0,183.0,179,178.0,176.0
111010,ROLLO 375 MM X 60 MTS 125 MICRAS,257,257.0,255.0,255,247.0,247.0,202.0,172,140.0,140.0,138.0,136,96.0,0.0,0.0,0,0.0,0.0,0.0,0.0,0,0.0,0.0,0.0,0,0.0,0.0,0.0,0,0.0,0.0,0.0,0.0,0,0.0,0.0,0.0,0,0.0,0.0,0.0,0,0.0,0.0,0.0,0.0,0,0.0,0.0
111013,ROLLO 375 MM X 75 MTS 75 MICRAS MATTE,122,122.0,122.0,122,122.0,122.0,120.0,120,120.0,120.0,120.0,120,120.0,120.0,120.0,120,120.0,120.0,120.0,120.0,120,120.0,120.0,120.0,120,120.0,120.0,119.0,119,119.0,117.0,116.0,116.0,116,116.0,116.0,116.0,116,116.0,116.0,116.0,116,116.0,114.0,114.0,114.0,114,114.0,114.0
111019,ROLLO 540 MM X 60 MTS 125 MICRAS,100,100.0,100.0,100,48.0,48.0,48.0,48,0.0,0.0,0.0,0,0.0,0.0,0.0,0,0.0,0.0,0.0,0.0,0,200.0,140.0,40.0,40,40.0,40.0,0.0,0,0.0,0.0,0.0,0.0,0,0.0,0.0,0.0,0,0.0,0.0,0.0,0,0.0,0.0,0.0,0.0,0,0.0,0.0
111020,ROLLO 540 MM X 60 MTS 175 MICRAS,100,100.0,100.0,100,88.0,88.0,28.0,28,16.0,16.0,16.0,16,0.0,0.0,0.0,0,0.0,0.0,0.0,0.0,0,200.0,200.0,160.0,160,160.0,160.0,140.0,140,140.0,140.0,140.0,140.0,140,0.0,0.0,0.0,0,0.0,0.0,0.0,0,0.0,0.0,0.0,0.0,0,0.0,0.0
111016,ROLLO 680 MM X 60 MTS 125 MICRAS BRILLANTE,145,145.0,145.0,139,9.0,0.0,0.0,0,0.0,0.0,1.0,1,1.0,1.0,1.0,1,1.0,1.0,81.0,81.0,78,178.0,178.0,177.0,177,177.0,177.0,161.0,161,161.0,153.0,153.0,149.0,149,1.0,0.0,0.0,0,0.0,0.0,0.0,0,0.0,0.0,0.0,0.0,0,0.0,0.0
112001,ROLLO BOPP BRILLANTE 250 MM X 4000 MT 18 MIC,28,61.0,61.0,60,57.0,55.0,55.0,53,51.0,48.0,48.0,96,93.0,93.0,90.0,87,86.0,86.0,82.0,121.0,120,118.0,117.0,111.0,111,103.0,99.0,96.0,89,85.0,82.0,113.0,110.0,104,98.0,98.0,96.0,96,91.0,89.0,87.0,77,72.0,70.0,61.0,52.0,101,101.0,98.0
112002,ROLLO BOPP BRILLANTE 300 MM X 4000 MT 18 MIC,101,159.0,155.0,155,154.0,145.0,143.0,143,141.0,134.0,133.0,131,127.0,124.0,120.0,120,117.0,116.0,114.0,156.0,152,149.0,148.0,141.0,141,138.0,137.0,131.0,128,121.0,119.0,160.0,159.0,156,154.0,154.0,146.0,141,141.0,141.0,140.0,135,127.0,127.0,123.0,113.0,162,158.0,146.0
112003,ROLLO BOPP BRILLANTE 330 MM X 200 MT 23 MIC,445,761.0,717.0,717,705.0,685.0,679.0,674,660.0,656.0,650.0,645,643.0,641.0,639.0,607,597.0,595.0,592.0,590.0,585,585.0,585.0,575.0,575,571.0,570.0,557.0,557,557.0,556.0,556.0,535.0,525,523.0,521.0,521.0,520,498.0,495.0,492.0,490,486.0,485.0,472.0,461.0,459,456.0,452.0
112004,ROLLO BOPP BRILLANTE 330 MM X 500 MT 22 MIC,0,0.0,0.0,0,0.0,0.0,0.0,0,0.0,0.0,0.0,0,0.0,0.0,0.0,0,0.0,0.0,0.0,0.0,0,0.0,0.0,0.0,0,0.0,0.0,0.0,0,0.0,0.0,0.0,0.0,0,0.0,0.0,0.0,0,0.0,0.0,0.0,0,0.0,0.0,0.0,0.0,0,0.0,0.0
112006,ROLLO BOPP BRILLANTE 345 MM X 4000 MT 18 MIC,4,102.0,94.0,91,84.0,74.0,72.0,63,59.0,53.0,53.0,95,89.0,83.0,76.0,68,64.0,57.0,54.0,149.0,140,138.0,133.0,129.0,125,117.0,113.0,99.0,95,81.0,76.0,168.0,164.0,153,151.0,150.0,139.0,135,127.0,115.0,107.0,102,94.0,91.0,81.0,50.0,174,160.0,140.0
112026,ROLLO BOPP BRILLANTE 400 MM X 4000 MT 18 MIC,29,77.0,69.0,69,68.0,67.0,66.0,66,66.0,61.0,61.0,57,56.0,56.0,54.0,51,47.0,47.0,47.0,47.0,40,40.0,40.0,39.0,39,39.0,38.0,37.0,37,35.0,35.0,34.0,34.0,33,32.0,27.0,20.0,19,18.0,12.0,12.0,12,11.0,38.0,31.0,29.0,27,27.0,22.0
112007,ROLLO BOPP BRILLANTE 445 MM X 4000 MT 18 MIC,26,72.0,68.0,68,66.0,63.0,62.0,58,55.0,53.0,52.0,47,40.0,39.0,36.0,33,31.0,25.0,24.0,61.0,58,56.0,55.0,52.0,49,47.0,46.0,44.0,32,24.0,22.0,54.0,52.0,50,48.0,47.0,44.0,43,43.0,40.0,38.0,35,33.0,50.0,43.0,30.0,27,25.0,22.0
112008,ROLLO BOPP BRILLANTE 495 MM X 4000 MT 18 MIC,58,139.0,115.0,108,84.0,37.0,26.0,14,4.0,2.0,1.0,113,102.0,87.0,70.0,65,59.0,46.0,41.0,134.0,115,111.0,108.0,100.0,95,77.0,71.0,39.0,23,11.0,5.0,92.0,84.0,75,64.0,57.0,46.0,38,25.0,12.0,5.0,5,4.0,213.0,180.0,151.0,318,302.0,288.0
112028,ROLLO BOPP BRILLANTE 595 MM X 4000 MT 18 MIC,18,18.0,4.0,3,3.0,3.0,3.0,3,3.0,3.0,3.0,20,20.0,20.0,19.0,19,19.0,19.0,19.0,52.0,49,49.0,49.0,49.0,49,49.0,49.0,48.0,43,43.0,43.0,79.0,78.0,78,78.0,78.0,77.0,76,69.0,64.0,64.0,60,55.0,81.0,81.0,72.0,55,52.0,52.0
112009,ROLLO BOPP BRILLANTE 695 MM X 4000 MT 18 MIC,90,84.0,81.0,78,76.0,68.0,60.0,55,54.0,52.0,52.0,45,44.0,40.0,40.0,40,38.0,36.0,35.0,49.0,46,44.0,44.0,44.0,42,42.0,42.0,42.0,37,28.0,26.0,45.0,45.0,44,44.0,35.0,32.0,21,18.0,11.0,10.0,4,2.0,27.0,17.0,5.0,46,36.0,32.0
112024,ROLLO BOPP MATE 200 MM X 4000 MT 18 MIC,71,65.0,65.0,64,63.0,57.0,57.0,54,52.0,51.0,49.0,49,45.0,45.0,44.0,40,35.0,35.0,35.0,33.0,33,27.0,27.0,26.0,26,23.0,23.0,20.0,20,19.0,19.0,19.0,10.0,10,5.0,4.0,4.0,4,4.0,1.0,0.0,0,0.0,94.0,90.0,84.0,82,82.0,81.0
112010,ROLLO BOPP MATE 250 MM X 4000 MT 18 MIC,19,83.0,80.0,78,77.0,74.0,69.0,64,50.0,48.0,45.0,37,34.0,30.0,28.0,21,15.0,14.0,12.0,70.0,65,63.0,57.0,54.0,52,41.0,39.0,36.0,36,25.0,23.0,77.0,70.0,69,48.0,48.0,44.0,43,39.0,33.0,28.0,23,16.0,113.0,110.0,96.0,164,161.0,153.0
112011,ROLLO BOPP MATE 300 MM X 4000 MT 18 MIC,17,93.0,92.0,84,78.0,71.0,71.0,69,55.0,49.0,48.0,87,82.0,76.0,73.0,67,63.0,59.0,53.0,104.0,99,97.0,92.0,92.0,91,87.0,80.0,64.0,64,52.0,48.0,101.0,93.0,84,68.0,68.0,62.0,60,56.0,48.0,45.0,42,36.0,116.0,112.0,102.0,169,165.0,160.0
112012,ROLLO BOPP MATE 330 MM X 200 MT 23 MIC,369,688.0,677.0,656,654.0,630.0,629.0,625,615.0,612.0,611.0,610,610.0,603.0,597.0,567,557.0,557.0,552.0,549.0,549,549.0,549.0,549.0,549,547.0,543.0,540.0,534,534.0,534.0,534.0,533.0,523,522.0,517.0,514.0,514,494.0,493.0,490.0,488,482.0,479.0,479.0,478.0,465,465.0,465.0
112021,ROLLO BOPP MATE 330 MM X 4000 MT 18 MIC,30,25.0,25.0,23,22.0,22.0,19.0,13,8.0,3.0,3.0,3,3.0,1.0,1.0,1,1.0,0.0,0.0,0.0,0,0.0,0.0,0.0,0,0.0,0.0,0.0,0,0.0,0.0,0.0,0.0,0,0.0,0.0,0.0,0,0.0,0.0,0.0,0,0.0,78.0,67.0,59.0,56,56.0,56.0
112013,ROLLO BOPP MATE 330 MM X 500 MT 22 MIC,184,184.0,184.0,184,184.0,183.0,183.0,181,181.0,179.0,179.0,178,178.0,178.0,178.0,178,178.0,178.0,178.0,178.0,175,175.0,175.0,174.0,174,174.0,174.0,173.0,173,173.0,171.0,171.0,171.0,170,170.0,170.0,169.0,169,162.0,162.0,162.0,161,161.0,161.0,161.0,161.0,161,160.0,160.0
112015,ROLLO BOPP MATE 345 MM X 4000 MT 18 MIC,4,55.0,43.0,41,24.0,12.0,9.0,8,6.0,3.0,1.0,42,33.0,25.0,19.0,9,7.0,6.0,5.0,111.0,88,86.0,80.0,72.0,68,44.0,37.0,23.0,16,2.0,2.0,101.0,71.0,65,41.0,35.0,12.0,7,4.0,1.0,0.0,0,0.0,79.0,46.0,8.0,68,60.0,41.0
112025,ROLLO BOPP MATE 400 MM X 4000 MT 18 MIC,5,63.0,61.0,55,54.0,53.0,51.0,46,44.0,41.0,40.0,36,33.0,33.0,30.0,27,24.0,18.0,17.0,16.0,16,14.0,14.0,14.0,14,11.0,10.0,6.0,6,5.0,4.0,4.0,3.0,3,2.0,2.0,1.0,0,0.0,0.0,0.0,0,0.0,45.0,35.0,22.0,22,20.0,18.0
112016,ROLLO BOPP MATE 445 MM X 4000 MT 18 MIC,1,53.0,50.0,47,40.0,35.0,26.0,23,12.0,3.0,2.0,1,0.0,0.0,0.0,0,0.0,0.0,0.0,81.0,68,61.0,59.0,52.0,50,45.0,43.0,37.0,25,15.0,13.0,84.0,72.0,69,51.0,49.0,30.0,24,18.0,11.0,7.0,6,5.0,15.0,6.0,3.0,3,1.0,0.0
112030,ROLLO BOPP MATE 495 MM X 2000 MT 18 MIC,0,0.0,0.0,0,0.0,0.0,0.0,0,0.0,0.0,0.0,0,0.0,0.0,0.0,0,0.0,0.0,0.0,0.0,0,0.0,0.0,0.0,0,0.0,0.0,0.0,0,0.0,0.0,0.0,0.0,0,0.0,0.0,0.0,0,0.0,0.0,0.0,0,0.0,0.0,0.0,0.0,0,0.0,0.0
112017,ROLLO BOPP MATE 495 MM X 4000 MT 18 MIC,1,216.0,197.0,178,148.0,121.0,92.0,54,38.0,6.0,3.0,217,191.0,180.0,164.0,154,140.0,127.0,118.0,310.0,289,264.0,257.0,229.0,218,200.0,190.0,182.0,174,149.0,111.0,292.0,271.0,253,233.0,213.0,168.0,142,128.0,113.0,92.0,68,48.0,144.0,110.0,43.0,225,208.0,160.0
112018,ROLLO BOPP MATE 595 MM X 4000 MT 18 MIC,21,11.0,7.0,3,1.0,1.0,1.0,1,1.0,1.0,1.0,18,15.0,15.0,15.0,13,11.0,2.0,2.0,38.0,38,36.0,31.0,31.0,30,30.0,30.0,29.0,26,18.0,14.0,47.0,42.0,42,25.0,19.0,8.0,1,1.0,1.0,1.0,1,1.0,46.0,18.0,3.0,23,20.0,15.0
112019,ROLLO BOPP MATE 695 MM X 3000 MT 18 MIC,28,26.0,22.0,15,5.0,2.0,2.0,1,1.0,0.0,0.0,33,31.0,29.0,18.0,6,6.0,2.0,2.0,40.0,37,35.0,35.0,32.0,31,30.0,29.0,27.0,26,11.0,10.0,46.0,45.0,43,40.0,38.0,28.0,28,18.0,12.0,2.0,1,0.0,54.0,46.0,40.0,75,74.0,74.0
112020,ROLLO HOLOGRAFICO 495 MM X 1500 MT 24 MIC,0,0.0,0.0,0,0.0,0.0,0.0,0,0.0,0.0,0.0,216,215.0,214.0,214.0,214,213.0,213.0,212.0,212.0,211,211.0,211.0,209.0,209,207.0,206.0,205.0,205,204.0,204.0,203.0,203.0,203,203.0,202.0,202.0,202,202.0,198.0,196.0,193,191.0,190.0,189.0,189.0,188,188.0,188.0
112022,ROLLO METALIZADO DORADO 495 MM X 1000 MT 22 MIC,0,0.0,0.0,0,0.0,0.0,0.0,0,0.0,0.0,0.0,100,100.0,100.0,100.0,100,100.0,100.0,100.0,99.0,98,98.0,98.0,98.0,98,98.0,98.0,98.0,98,98.0,98.0,98.0,98.0,98,98.0,95.0,95.0,95,95.0,95.0,95.0,95,95.0,93.0,92.0,92.0,92,92.0,92.0
112023,ROLLO METALIZADO PLATA 495 MM X 1000 MT 22 MIC,0,0.0,0.0,0,0.0,0.0,0.0,0,0.0,0.0,0.0,120,120.0,120.0,120.0,120,120.0,120.0,120.0,118.0,118,118.0,118.0,118.0,118,118.0,118.0,115.0,114,110.0,111.0,111.0,111.0,111,110.0,110.0,110.0,108,108.0,108.0,108.0,108,107.0,107.0,107.0,106.0,105,105.0,105.0
112027,ROLLO PIEL DURAZNO 495 MM X 200 MT 28 MIC,0,0.0,0.0,0,0.0,0.0,0.0,0,0.0,0.0,0.0,99,99.0,98.0,97.0,97,97.0,97.0,95.0,91.0,91,91.0,91.0,91.0,90,90.0,89.0,89.0,87,84.0,83.0,83.0,83.0,82,81.0,81.0,80.0,80,79.0,77.0,75.0,73,71.0,69.0,62.0,60.0,59,56.0,55.0
112005,ROLLO SUPERBONDING BRILLANTE 330 MM X 500 MT 30 MIC,62,62.0,62.0,62,61.0,60.0,59.0,59,59.0,59.0,59.0,59,59.0,59.0,59.0,59,59.0,58.0,57.0,57.0,57,57.0,57.0,57.0,57,57.0,57.0,56.0,56,56.0,56.0,56.0,56.0,56,56.0,56.0,56.0,56,52.0,51.0,51.0,51,51.0,51.0,51.0,51.0,51,51.0,50.0
112014,ROLLO SUPERBONDING MATE 330 MM X 500 MT 30 MIC,1,0.0,0.0,0,0.0,0.0,0.0,0,0.0,0.0,0.0,0,0.0,0.0,0.0,0,0.0,0.0,0.0,0.0,0,0.0,0.0,0.0,0,0.0,0.0,0.0,0,0.0,0.0,0.0,0.0,0,0.0,0.0,0.0,0,0.0,0.0,0.0,0,0.0,0.0,0.0,0.0,0,0.0,0.0
122041,TIRA 2.1 X 64 LOOPS  12MM CAJA X 540 BLANCO,92,92.0,92.0,91,87.0,87.0,80.0,80,80.0,80.0,80.0,80,79.0,79.0,79.0,74,72.0,71.0,63.0,57.0,57,57.0,57.0,56.0,56,56.0,56.0,56.0,55,55.0,54.0,51.0,46.0,46,46.0,45.0,45.0,71,71.0,71.0,71.0,71,64.0,61.0,56.0,55.0,52,47.0,32.0
122042,TIRA 2.1 X 64 LOOPS  12MM CAJA X 540 NEGRO,3,3.0,3.0,3,3.0,3.0,3.0,3,3.0,3.0,3.0,3,83.0,80.0,80.0,73,72.0,72.0,72.0,68.0,68,68.0,68.0,68.0,68,68.0,68.0,68.0,68,67.0,67.0,67.0,66.0,64,63.0,62.0,60.0,89,89.0,89.0,89.0,86,84.0,84.0,84.0,83.0,83,83.0,83.0
122043,TIRA 2.1 X 64 LOOPS  12MM CAJA X 540 PLATA,58,58.0,58.0,60,60.0,60.0,60.0,60,60.0,59.0,59.0,59,59.0,59.0,59.0,59,59.0,59.0,59.0,59.0,59,59.0,59.0,59.0,59,59.0,59.0,59.0,59,59.0,59.0,59.0,58.0,58,58.0,58.0,58.0,58,58.0,58.0,58.0,57,57.0,57.0,57.0,57.0,57,56.0,56.0
122044,TIRA 2.1 X 64 LOOPS  14MM CAJA X 384 BLANCO,43,41.0,40.0,33,31.0,27.0,13.0,11,9.0,8.0,7.0,7,6.0,6.0,6.0,6,6.0,6.0,6.0,5.0,4,4.0,63.0,63.0,62,59.0,46.0,45.0,44,44.0,43.0,41.0,29.0,28,28.0,28.0,27.0,45,45.0,44.0,40.0,38,34.0,34.0,33.0,30.0,23,19.0,4.0
122045,TIRA 2.1 X 64 LOOPS  14MM CAJA X 384 NEGRO,13,13.0,11.0,8,7.0,7.0,7.0,6,6.0,5.0,4.0,4,64.0,64.0,64.0,64,64.0,64.0,64.0,64.0,63,63.0,63.0,63.0,62,62.0,62.0,62.0,62,62.0,62.0,62.0,60.0,60,60.0,60.0,60.0,59,59.0,59.0,59.0,59,58.0,58.0,56.0,56.0,53,50.0,50.0
122046,TIRA 2.1 X 64 LOOPS  14MM CAJA X 384 PLATA,30,30.0,29.0,29,29.0,29.0,29.0,26,26.0,26.0,26.0,26,26.0,26.0,26.0,26,26.0,26.0,26.0,26.0,26,26.0,26.0,26.0,26,26.0,26.0,26.0,26,26.0,26.0,26.0,26.0,26,26.0,26.0,26.0,26,26.0,26.0,26.0,26,26.0,26.0,25.0,25.0,25,25.0,19.0
122047,TIRA 2.1 X 64 LOOPS  16MM CAJA X 308 BLANCO,174,171.0,169.0,157,154.0,152.0,143.0,140,134.0,132.0,130.0,127,123.0,119.0,116.0,111,109.0,104.0,102.0,96.0,93,89.0,249.0,228.0,224,224.0,224.0,220.0,213,211.0,203.0,198.0,195.0,195,189.0,187.0,187.0,315,309.0,309.0,305.0,300,295.0,291.0,284.0,274.0,263,240.0,205.0
122048,TIRA 2.1 X 64 LOOPS  16MM CAJA X 308 BRONCE,55,58.0,58.0,56,56.0,54.0,54.0,54,54.0,54.0,54.0,54,54.0,53.0,53.0,53,53.0,53.0,53.0,53.0,53,52.0,62.0,61.0,61,58.0,58.0,58.0,58,58.0,57.0,57.0,57.0,57,52.0,52.0,52.0,52,52.0,44.0,44.0,44,44.0,44.0,44.0,44.0,44,43.0,43.0
122049,TIRA 2.1 X 64 LOOPS  16MM CAJA X 308 NEGRO,215,215.0,205.0,201,201.0,196.0,196.0,196,195.0,194.0,194.0,193,193.0,193.0,191.0,190,190.0,188.0,187.0,185.0,181,176.0,176.0,175.0,175,175.0,172.0,172.0,172,172.0,165.0,165.0,165.0,164,160.0,160.0,158.0,170,169.0,168.0,164.0,164,163.0,163.0,161.0,160.0,160,158.0,152.0
122050,TIRA 2.1 X 64 LOOPS  16MM CAJA X 308 PLATA,28,27.0,27.0,27,27.0,25.0,25.0,25,25.0,24.0,24.0,22,22.0,20.0,20.0,19,19.0,19.0,17.0,16.0,14,8.0,48.0,47.0,47,47.0,47.0,45.0,45,43.0,41.0,41.0,41.0,38,38.0,37.0,36.0,36,36.0,28.0,28.0,28,28.0,28.0,28.0,28.0,26,25.0,25.0
122051,TIRA 2.1 X 64 LOOPS  19MM CAJA X 252 BLANCO,90,88.0,86.0,75,69.0,63.0,57.0,55,49.0,48.0,47.0,46,43.0,24.0,23.0,23,21.0,19.0,18.0,13.0,8,3.0,140.0,131.0,117,113.0,113.0,109.0,109,108.0,102.0,101.0,98.0,96,95.0,94.0,94.0,221,201.0,201.0,198.0,197,185.0,174.0,170.0,162.0,136,114.0,99.0
122052,TIRA 2.1 X 64 LOOPS  19MM CAJA X 252 BRONCE,33,33.0,26.0,22,22.0,20.0,19.0,17,15.0,15.0,15.0,15,35.0,35.0,35.0,35,35.0,35.0,35.0,35.0,35,34.0,33.0,33.0,33,33.0,33.0,33.0,33,33.0,28.0,28.0,28.0,28,27.0,27.0,27.0,47,47.0,46.0,45.0,45,39.0,39.0,39.0,39.0,35,31.0,31.0
122053,TIRA 2.1 X 64 LOOPS  19MM CAJA X 252 NEGRO,117,114.0,110.0,104,104.0,101.0,101.0,101,97.0,95.0,81.0,81,79.0,79.0,79.0,79,79.0,78.0,77.0,77.0,75,74.0,124.0,123.0,120,110.0,106.0,106.0,106,106.0,104.0,103.0,103.0,103,103.0,102.0,102.0,138,136.0,134.0,131.0,131,117.0,112.0,104.0,99.0,92,86.0,77.0
122054,TIRA 2.1 X 64 LOOPS  19MM CAJA X 252 PLATA,2,2.0,1.0,1,1.0,1.0,1.0,1,1.0,1.0,1.0,1,41.0,41.0,41.0,41,41.0,41.0,41.0,40.0,37,36.0,46.0,45.0,43,43.0,43.0,43.0,43,43.0,40.0,37.0,37.0,34,33.0,30.0,30.0,70,70.0,70.0,70.0,70,64.0,63.0,63.0,62.0,54,52.0,51.0
122055,TIRA 2.1 X 64 LOOPS  22MM CAJA X 192 BLANCO,81,81.0,80.0,74,73.0,67.0,66.0,66,65.0,65.0,65.0,62,60.0,38.0,38.0,38,38.0,38.0,36.0,36.0,35,35.0,65.0,65.0,61,57.0,57.0,57.0,38,38.0,35.0,33.0,32.0,32,32.0,32.0,32.0,76,76.0,76.0,75.0,68,68.0,63.0,62.0,55.0,55,58.0,52.0
122056,TIRA 2.1 X 64 LOOPS  22MM CAJA X 192 BRONCE,9,9.0,9.0,3,3.0,3.0,3.0,3,3.0,3.0,3.0,3,3.0,3.0,3.0,3,3.0,3.0,3.0,3.0,3,3.0,33.0,33.0,33,33.0,33.0,33.0,33,32.0,32.0,32.0,32.0,32,32.0,32.0,32.0,32,32.0,32.0,32.0,32,32.0,32.0,31.0,31.0,31,31.0,30.0
122057,TIRA 2.1 X 64 LOOPS  22MM CAJA X 192 NEGRO,81,81.0,81.0,44,43.0,43.0,43.0,43,42.0,42.0,42.0,42,42.0,42.0,42.0,42,41.0,40.0,40.0,40.0,17,15.0,45.0,22.0,22,17.0,17.0,17.0,17,17.0,15.0,13.0,13.0,13,13.0,13.0,13.0,73,73.0,73.0,73.0,67,67.0,67.0,67.0,65.0,64,63.0,61.0
122058,TIRA 2.1 X 64 LOOPS  22MM CAJA X 192 PLATA,32,30.0,30.0,30,30.0,29.0,29.0,29,29.0,29.0,29.0,29,29.0,29.0,29.0,29,29.0,28.0,28.0,28.0,28,26.0,26.0,26.0,26,26.0,26.0,26.0,26,26.0,25.0,25.0,25.0,14,14.0,14.0,14.0,34,34.0,34.0,34.0,34,34.0,34.0,34.0,34.0,34,32.0,32.0
122059,TIRA 2.1 X 64 LOOPS  25MM CAJA X 140 BLANCO,80,80.0,80.0,79,79.0,79.0,78.0,78,78.0,78.0,77.0,77,77.0,77.0,77.0,75,75.0,73.0,70.0,70.0,70,67.0,107.0,104.0,104,91.0,79.0,79.0,79,75.0,74.0,74.0,74.0,74,74.0,74.0,74.0,71,70.0,70.0,65.0,64,64.0,62.0,62.0,60.0,60,58.0,57.0
122077,TIRA 2.1 X 64 LOOPS  25MM CAJA X 140 BRONCE,0,0.0,0.0,0,0.0,0.0,0.0,0,0.0,0.0,0.0,0,0.0,0.0,0.0,0,0.0,0.0,0.0,0.0,0,0.0,30.0,30.0,25,25.0,25.0,25.0,25,25.0,25.0,25.0,25.0,25,25.0,25.0,23.0,23,23.0,23.0,23.0,22,22.0,22.0,18.0,18.0,18,17.0,17.0
122060,TIRA 2.1 X 64 LOOPS  25MM CAJA X 140 NEGRO,54,54.0,54.0,54,54.0,54.0,54.0,53,53.0,53.0,54.0,54,54.0,54.0,54.0,53,53.0,52.0,52.0,52.0,52,52.0,82.0,82.0,82,77.0,77.0,77.0,77,77.0,76.0,76.0,75.0,75,75.0,75.0,75.0,73,72.0,71.0,66.0,65,65.0,64.0,65.0,65.0,65,65.0,65.0
122061,TIRA 2.1 X 64 LOOPS  25MM CAJA X 140 PLATA,15,15.0,15.0,15,15.0,14.0,12.0,12,12.0,12.0,12.0,12,12.0,12.0,12.0,12,12.0,11.0,11.0,11.0,11,11.0,41.0,41.0,41,41.0,41.0,41.0,41,40.0,39.0,38.0,37.0,36,36.0,36.0,36.0,36,36.0,36.0,36.0,36,36.0,35.0,35.0,35.0,35,33.0,33.0
122062,TIRA 2.1 X 64 LOOPS  28MM CAJA X 96 BLANCO,70,70.0,65.0,65,64.0,64.0,62.0,62,62.0,62.0,62.0,62,62.0,61.0,61.0,61,61.0,61.0,61.0,61.0,61,60.0,59.0,59.0,59,59.0,57.0,57.0,57,57.0,57.0,57.0,57.0,57,57.0,57.0,57.0,82,82.0,82.0,82.0,81,81.0,81.0,81.0,81.0,81,77.0,77.0
122063,TIRA 2.1 X 64 LOOPS  28MM CAJA X 96 NEGRO,44,44.0,44.0,43,43.0,43.0,43.0,43,43.0,43.0,43.0,43,43.0,43.0,43.0,43,43.0,43.0,43.0,43.0,43,43.0,43.0,43.0,43,43.0,43.0,43.0,43,43.0,43.0,43.0,43.0,43,43.0,43.0,43.0,73,69.0,69.0,66.0,65,57.0,57.0,57.0,57.0,57,57.0,57.0
122064,TIRA 2.1 X 64 LOOPS  28MM CAJA X 96 PLATA,31,31.0,31.0,31,31.0,31.0,31.0,31,31.0,31.0,31.0,31,31.0,31.0,31.0,31,31.0,31.0,31.0,31.0,31,31.0,31.0,31.0,31,31.0,31.0,31.0,31,31.0,31.0,31.0,30.0,30,30.0,30.0,30.0,60,60.0,60.0,60.0,60,60.0,60.0,60.0,60.0,60,60.0,60.0
122065,TIRA 2.1 X 64 LOOPS  32MM CAJA X 96 BLANCO,69,68.0,68.0,67,66.0,66.0,66.0,65,65.0,64.0,54.0,54,54.0,54.0,54.0,54,54.0,54.0,54.0,54.0,54,54.0,54.0,54.0,54,54.0,54.0,54.0,54,50.0,52.0,52.0,52.0,52,52.0,52.0,52.0,82,82.0,82.0,82.0,81,81.0,81.0,81.0,81.0,81,81.0,80.0
122066,TIRA 2.1 X 64 LOOPS  32MM CAJA X 96 NEGRO,66,65.0,65.0,59,59.0,59.0,59.0,58,58.0,58.0,58.0,58,58.0,58.0,58.0,58,58.0,58.0,58.0,58.0,58,57.0,57.0,57.0,57,57.0,57.0,57.0,57,57.0,57.0,57.0,57.0,57,56.0,56.0,56.0,56,53.0,53.0,53.0,43,43.0,43.0,42.0,42.0,42,40.0,40.0
122067,TIRA 2.1 X 64 LOOPS  32MM CAJA X 96 PLATA,30,30.0,30.0,30,30.0,30.0,30.0,30,30.0,30.0,30.0,30,30.0,29.0,29.0,29,29.0,29.0,29.0,29.0,29,29.0,29.0,29.0,29,29.0,29.0,29.0,29,28.0,29.0,29.0,29.0,29,29.0,29.0,29.0,29,29.0,29.0,29.0,29,29.0,29.0,29.0,29.0,29,29.0,29.0
131008,VARILLA MEDIA LUNA  10 CM X 100 BLANCO,2163,2063.0,2063.0,2063,2063.0,2063.0,2063.0,2163,2163.0,2163.0,2163.0,2163,2163.0,2163.0,2163.0,2163,2163.0,2163.0,2163.0,2163.0,2163,2163.0,2163.0,2163.0,2163,2163.0,2163.0,2162.0,2162,2162.0,2162.0,2162.0,2161.0,2161,2161.0,2161.0,2161.0,2101,2101.0,2101.0,2101.0,2101,2091.0,2091.0,2071.0,2071.0,2071,2061.0,2061.0
131007,VARILLA MEDIA LUNA  10 CM X 100 NEGRO,1133,1053.0,1053.0,1053,1053.0,1053.0,1053.0,1053,1053.0,1053.0,1053.0,1053,1053.0,1053.0,1053.0,1053,1053.0,1053.0,1053.0,1053.0,1053,1053.0,1053.0,1053.0,1053,1053.0,1053.0,1053.0,1053,1053.0,1053.0,1053.0,1052.0,1052,1052.0,1052.0,1052.0,1052,1052.0,1052.0,1001.0,961,951.0,951.0,901.0,901.0,901,901.0,901.0
131010,VARILLA MEDIA LUNA  15 CM X 100 BLANCO,876,875.0,875.0,875,875.0,875.0,875.0,875,875.0,875.0,885.0,885,885.0,885.0,885.0,885,885.0,885.0,885.0,885.0,885,885.0,885.0,885.0,885,885.0,885.0,885.0,885,885.0,885.0,885.0,885.0,885,885.0,885.0,885.0,885,885.0,885.0,883.0,863,852.0,852.0,801.0,791.0,740,700.0,620.0
131009,VARILLA MEDIA LUNA  15 CM X 100 NEGRO,517,517.0,517.0,517,517.0,513.0,513.0,513,513.0,513.0,513.0,513,513.0,513.0,513.0,513,513.0,513.0,513.0,513.0,513,513.0,513.0,513.0,513,513.0,513.0,513.0,513,513.0,513.0,513.0,513.0,513,513.0,513.0,513.0,513,513.0,473.0,473.0,473,453.0,403.0,352.0,346.0,341,341.0,341.0
131033,VARILLA MEDIA LUNA  20 CM X 100 BLANCO,12,12.0,12.0,12,12.0,12.0,12.0,12,12.0,12.0,15.0,15,15.0,15.0,15.0,15,15.0,15.0,15.0,15.0,15,15.0,15.0,15.0,15,15.0,15.0,15.0,15,15.0,15.0,15.0,15.0,15,15.0,15.0,15.0,15,15.0,15.0,15.0,15,15.0,15.0,15.0,15.0,1,1.0,1.0
131034,VARILLA MEDIA LUNA  20 CM X 100 NEGRO,372,372.0,372.0,372,372.0,372.0,372.0,352,352.0,352.0,352.0,352,352.0,352.0,352.0,352,352.0,352.0,352.0,350.0,349,349.0,349.0,349.0,349,349.0,349.0,349.0,349,349.0,349.0,349.0,349.0,349,349.0,349.0,349.0,349,349.0,349.0,349.0,349,349.0,339.0,339.0,339.0,310,305.0,305.0
131017,YOYO ORIGINAL CAJA X 50 AMARILLO,35,35.0,35.0,35,35.0,35.0,35.0,35,35.0,35.0,35.0,35,35.0,35.0,35.0,35,35.0,35.0,35.0,35.0,35,35.0,35.0,35.0,35,35.0,35.0,35.0,35,35.0,35.0,35.0,35.0,35,35.0,35.0,35.0,35,35.0,35.0,35.0,35,35.0,35.0,35.0,35.0,35,35.0,35.0
131018,YOYO ORIGINAL CAJA X 50 AZUL,1347,1337.0,1327.0,1287,1287.0,1287.0,1287.0,1247,1247.0,1247.0,1247.0,1247,1241.0,1201.0,1201.0,1201,1201.0,1201.0,1201.0,1198.0,1192,1192.0,1192.0,1192.0,1176,1176.0,1170.0,1130.0,1130,1130.0,1130.0,1130.0,1130.0,1129,1129.0,1129.0,1089.0,1089,1089.0,1087.0,1085.0,1079,1059.0,1059.0,1049.0,1049.0,1049,1045.0,1045.0
131019,YOYO ORIGINAL CAJA X 50 BLANCO,2216,2206.0,2206.0,2145,2145.0,2145.0,2145.0,2083,2083.0,2083.0,2079.0,2079,2073.0,2073.0,2072.0,2072,2066.0,2066.0,2066.0,2062.0,2060,2010.0,1910.0,1870.0,1846,1846.0,1840.0,1820.0,1820,1820.0,1720.0,1720.0,1680.0,1680,1680.0,1680.0,1680.0,1680,1680.0,1598.0,1592.0,1592,1572.0,1569.0,1569.0,1569.0,1569,1565.0,1525.0
131020,YOYO ORIGINAL CAJA X 50 NEGRO,1040,1040.0,1040.0,1040,1040.0,1040.0,1040.0,1016,1016.0,1016.0,1006.0,1006,1006.0,966.0,966.0,966,965.0,965.0,965.0,965.0,963,963.0,963.0,961.0,941,941.0,941.0,940.0,940,940.0,940.0,938.0,938.0,938,938.0,938.0,898.0,898,898.0,896.0,893.0,887,887.0,887.0,887.0,887.0,887,886.0,886.0
131021,YOYO ORIGINAL CAJA X 50 ROJO,112,112.0,112.0,112,112.0,112.0,112.0,112,112.0,112.0,107.0,107,105.0,105.0,105.0,105,105.0,105.0,105.0,105.0,105,105.0,85.0,85.0,85,85.0,85.0,85.0,85,85.0,85.0,85.0,70.0,68,68.0,28.0,28.0,28,28.0,26.0,26.0,24,24.0,24.0,24.0,24.0,24,24.0,24.0
131022,YOYO ORIGINAL CAJA X 50 VERDE,255,255.0,255.0,255,255.0,255.0,255.0,235,235.0,235.0,235.0,235,235.0,235.0,235.0,235,235.0,231.0,231.0,231.0,231,231.0,231.0,231.0,221,221.0,221.0,221.0,221,221.0,221.0,221.0,221.0,221,221.0,221.0,221.0,221,221.0,221.0,218.0,218,218.0,218.0,218.0,218.0,218,218.0,218.0
